번호,제품명,브랜드명,성분구성
1,라스트 벨벳 립 틴트 4,삐아,"합성플루오르플로고파이트,폴리글리세릴-2아이소스테아레이트,다이메티콘/비닐다이메티콘크로스폴리머,다이메티콘,정제수,사이클로펜타실록세인,트라이메틸실록시실리케이트,아이소도데케인,세틸피이지/피피지-10/1다이메티콘,폴리메틸메타크릴레이트,폴리메틸실세스퀴옥세인,브이피/헥사데센코폴리머,솔비탄세스퀴올리에이트,12-헥산다이올,페녹시에탄올,에틸헥실글리세린,피이지-60하이드로제네이티드캐스터오일,다이스테아다이모늄헥토라이트,팔미틱애씨드,스테아릭애씨드,프로필렌카보네이트,실리카다이메틸실릴레이트,티타늄디옥사이드,적색산화철,흑색산화철,향료,황색5호,적색104호의1,적색102호"
2,라스트 벨벳 립 틴트 3,삐아,"합성플루오르플로고파이트,폴리글리세릴-2아이소스테아레이트,다이메티콘/비닐다이메티콘크로스폴리머,다이메티콘,정제수,사이클로펜타실록세인,트라이메틸실록시실리케이트,아이소도데케인,세틸피이지/피피지-10/1다이메티콘,폴리메틸메타크릴레이트,폴리메틸실세스퀴옥세인,브이피/헥사데센코폴리머,솔비탄세스퀴올리에이트,12-헥산다이올,페녹시에탄올,에틸헥실글리세린,피이지-60하이드로제네이티드캐스터오일,다이스테아다이모늄헥토라이트,팔미틱애씨드,스테아릭애씨드,프로필렌카보네이트,실리카다이메틸실릴레이트,티타늄디옥사이드,흑색산화철,향료,황색5호,적색104호의1,적색202호"
3,베르니 아 레브르 바이닐 크림,입생로랑,"정제수,옥틸도데칸올,트라이메틸실록시페닐다이메티콘,에틸셀룰로오스,합성왁스,세틸알코올,알코올,폴리부텐,글리세릴스테아레이트,베헤닐알코올,스테아레스-20,페녹시에탄올,소듐라우릴설페이트,글리세릴스테아레이트시트레이트,다이소듐에칠렌디코카마이드피이지-15디설페이트,하이드록시프로필구아,칼슘알루미늄보로실리케이트,합성플루오르플로고파이트,스테아릴알코올,미리스틸알코올,마그네슘실리케이트,칼슘소듐보로실리케이트,알루미늄하이드록사이드,소듐사카린,알루미나,실리카,벤질알코올,틴옥사이드,아니스알코올,향료,티타늄디옥사이드,적색202호,적색산화철,황색산화철,흑색산화철,황색5호,적색227호,등색205호,적색104호의1,마이카,황색4호,청색1호,카민"
4,라스트 벨벳 립 틴트,삐아,"다이메티콘,합성플루오르플로고파이트,다이메티콘/비닐다이메티콘크로스폴리머,프로필렌글라이콜,정제수,폴리글리세릴-2아이소스테아레이트,세틸피이지/피피지-10/1다이메티콘,폴리메틸메타크릴레이트,폴리메틸실세스퀴옥세인,사이클로펜타실록세인,트라이메틸실록시실리케이트,브이피/헥사데센코폴리머,솔비탄세스퀴올리에이트,페녹시에탄올,피이지-60하이드로제네이티드캐스터오일,다이스테아다이모늄헥토라이트,팔미틱애씨드,프로필렌카보네이트,실리카다이메틸실릴레이트,적색218호,적색산화철,흑색산화철,황색산화철,티타늄디옥사이드,적색104호의1,망가니즈바이올렛,향료"
5,어딕트 라커 플럼프,디올,"정제수,메틸하이드로제네이티드로지네이트,하이드로제네이티드폴리아이소부텐,폴리글리세릴-2트라이아이소스테아레이트,글리세린,카프릴릭/카프릭트라이글리세라이드,하이드로제네이티드폴리사이클로펜타디엔,비스-베헤닐/아이소스테아릴/피토스테릴다이머디리놀레일다이머디리놀리에이트,알코올,스테아레스-21,미레스-3미리스테이트,메도우폼씨오일,페녹시에탄올,다이팔미토일하이드록시프롤린,스테아레스-2,하이드록시에틸아크릴레이트/소듐아크릴로일다이메틸타우레이트코폴리머,티타늄디옥사이드,스쿠알란,팔미틱애씨드,트라이메틸올프로판트라이아이소스테아레이트,폴리솔베이트60,부틸렌글라이콜,황색5호,적색103호의(1),스테비오사이드,향료,소듐시트레이트,소듐하이알루로네이트,적색226호레이크,황색5호레이크,솔비탄아이소스테아레이트,시트릭애씨드,멘톡시프로판다이올,토코페롤,오크라열매추출물,프로필갈레이트,비에이치티,벤질살리실레이트,리날룰,아밀신나몰"
6,따뚜아쥬 꾸뛰르,입생로랑,"정제수,다이메티콘,옥틸도데칸올,아이소도데케인,부틸렌글라이콜,알코올,아크릴레이트/폴리트라이메틸실록시메타크릴레이트코폴리머,세틸피이지/피피지-10/1다이메티콘,트라이메틸펜타페닐트라이실록세인,다이스테아다이모늄헥토라이트,폴리글리세릴-4아이소스테아레이트,마그네슘설페이트,페녹시에탄올,알루미나,프로필렌카보네이트,피이지/피피지-18/18다이메티콘,합성플루오르플로고파이트,다이소듐스테아로일글루타메이트,칼슘소듐보로실리케이트,알루미늄하이드록사이드,블랙커민씨오일,칼슘알루미늄보로실리케이트,벤질알코올,로진,마그네슘실리케이트,실리카,아니스알코올,틴옥사이드,펜타에리스리틸테트라-다이-t-부틸하이드록시하이드로신나메이트,토코페롤,향료,티타늄디옥사이드,적색104호의1,적색산화철,황색산화철,흑색산화철,적색103호의(1),황색5호,적색227호,망가니즈바이올렛,황색4호,바륨설페이트,적색201호,청색1호,카민"
7,압솔뤼 에나멜 라커,랑콤,"옥틸도데칸올,정제수,트라이메틸실록시페닐다이메티콘,에틸셀룰로오스,솔비탄스테아레이트,글리세린,알코올,틴옥사이드,칼슘알루미늄보로실리케이트,칼슘소듐보로실리케이트,소듐라우릴설페이트,실리카,알루미나,알루미늄하이드록사이드,마그네슘실리케이트,수크로오스코코에이트,하이드록시프로필구아,합성플루오르플로고파이트,세틸알코올,페녹시에탄올,제라니올,하이드록시시트로넬알,헥실신나몰,벤질알코올,향료,적색202호,황색5호,적색227호,황색4호,청색1호,적색104호의1,카민,바륨설페이트,적색산화철,황색산화철,흑색산화철,티타늄디옥사이드,마이카"
8,베르니 아 레브르 팝 워터,입생로랑,"옥틸도데칸올,정제수,트라이메틸실록시페닐다이메티콘,에틸셀룰로오스,글리세린,솔비탄스테아레이트,알코올,세틸알코올,페녹시에탄올,수크로오스코코에이트,칼슘알루미늄보로실리케이트,소듐라우릴설페이트,하이드록시프로필구아,합성플루오르플로고파이트,칼슘소듐보로실리케이트,소듐폴리아크릴레이트,알루미나,마그네슘실리케이트,실리카,벤질알코올,틴옥사이드,리모넨,벤질벤조에이트,아니스알코올,향료"
9,루쥬 쀠르 꾸뛰르 베르니 아 레브르,입생로랑,"옥틸도데칸올,정제수,트라이메틸실록시페닐다이메티콘,에틸셀룰로오스,솔비탄스테아레이트,알코올,세틸알코올,수크로오스코코에이트,페녹시에탄올,소듐라우릴설페이트,하이드록시프로필구아,합성플루오르플로고파이트,칼슘알루미늄보로실리케이트,마그네슘실리케이트,실리카,리모넨,칼슘소듐보로실리케이트,벤질벤조에이트,틴옥사이드,아니스알코올,알루미나,향료"
10,벨벳 립 틴트,3CE,"다이메티콘,사이클로펜타실록세인,폴리글리세릴-2트라이아이소스테아레이트,다이메티콘크로스폴리머,다이메티콘/비닐다이메티콘크로스폴리머,아이소도데케인,사이클로헥사실록세인,황색5호,12-헥산다이올,적색202호,적색104호의1,다이스테아다이모늄헥토라이트,페녹시에탄올,적색218호,향료,피이지-10다이메티콘,토코페릴아세테이트,프로필렌카보네이트,카프릴릭/카프릭트라이글리세라이드,해바라기씨오일,포트마리골드꽃오일,로즈힙열매추출물,장미추출물"
11,무드 라이어 벨벳 틴트,릴리바이레드,"다이메티콘,다이메티콘/비닐다이메티콘크로스폴리머,정제수,글리세린,세틸피이지/피피지-10/1다이메티콘,폴리글리세릴-2트라이아이소스테아레이트,사이클로펜타실록세인,펜틸렌글라이콜,황색5호,티타늄디옥사이드,메틸트라이메티콘,마이카,실리카,적색산화철,페녹시에탄올,적색202호,향료,부틸아크릴레이트/하이드록시프로필다이메티콘아크릴레이트코폴리머,글리세릴아크릴레이트/아크릴릭애씨드코폴리머,카프릴릴글라이콜,12-헥산다이올,에틸헥실글리세린,흑색산화철,황색4호,프로판다이올,적색201호,적색227호,적색104호의1,실리카다이메틸실릴레이트,팔각회향추출물,소듐폴리아크릴레이트,메티콘,청색1호,트라이데세스-6,피이지/피피지-18/18다이메티콘"
12,에어 핏 벨벳 틴트,블랙루즈,"다이메티콘,다이메티콘/비닐다이메티콘크로스폴리머,정제수,부틸렌글라이콜,아이소도데케인,폴리메틸실세스퀴옥세인,폴리글리세릴-2아이소스테아레이트,세틸피이지/피피지-10/1다이메티콘,폴리메틸메타크릴레이트,합성플루오르플로고파이트,실리카,사이클로펜타실록세인,트라이메틸실록시실리케이트,브이피/헥사데센코폴리머,솔비탄세스퀴올리에이트,12-헥산다이올,피이지-60하이드로제네이티드캐스터오일,다이스테아다이모늄헥토라이트,실리카다이메틸실릴레이트,팔미틱애씨드,스테아릭애씨드,프로필렌카보네이트,에틸헥실글리세린,페녹시에탄올,티타늄디옥사이드,황색5호,적색산화철,적색201호,적색202호,적색102호,흑색산화철,향료"
13,버시컬러 바니쉬 크림 립 스테인,맥,"정제수,옥틸도데칸올,트라이메틸실록시페닐다이메티콘,변성알코올,솔비탄스테아레이트,다이펜타에리스리틸테트라하이드록시스테아레이트/테트라아이소스테아레이트,에틸셀룰로오스,세틸알코올,글리세린,아크릴레이트코폴리머,에틸헥실글리세린,하이드록시프로필구아,다이아이소스테아릴말레이트,하이드로제네이티드폴리데센,틴옥사이드,합성플루오르플로고파이트,폴리아이소부텐,폴리아크릴레이트-13,폴리솔베이트60,폴리솔베이트20,카프릴릴글라이콜,펜틸렌글라이콜,12-헥산다이올,솔비탄아이소스테아레이트,폴리글리세릴-2다이아이소스테아레이트,폴리글리세릴-2트라이아이소스테아레이트,향료,바닐린,다이소듐이디티에이,페녹시에탄올,마이카,티타늄디옥사이드,적색산화철,황색산화철,흑색산화철,청색1호,청색1호레이크,적색201호,적색202호,적색218호,적색104호의1,적색104호의1레이크,적색227호,황색4호,황색4호레이크,황색5호,황색5호레이크"
14,체크 글로시 블라스터 틴트,투쿨포스쿨,"옥틸도데칸올,정제수,트라이메틸실록시페닐다이메티콘,에틸셀룰로오스,하이드록시에틸아크릴레이트/소듐아크릴로일다이메틸타우레이트코폴리머,펜틸렌글라이콜,세테아릴글루코사이드,향료,소듐라우릴설페이트,적색2호,알코올,카프릴릴글라이콜,폴리글리세릴-2트라이아이소스테아레이트,황색5호,하이드록시프로필구아,스테비오사이드,에틸헥실글리세린,12-헥산다이올,적색201호,적색104호의1,프로판다이올,옥탄다이올,서양자두씨오일,로즈마리추출물,알로에베라잎추출물,쉐어버터"
15,립 마그넷,조르지오 아르마니,"정제수,다이메티콘,옥틸도데칸올,아이소도데케인,부틸렌글라이콜,알코올,아크릴레이트/폴리트라이메틸실록시메타크릴레이트코폴리머,세틸피이지/피피지-10/1다이메티콘,트라이메틸펜타페닐트라이실록세인,다이스테아다이모늄헥토라이트,폴리글리세릴-4아이소스테아레이트,토코페롤,페녹시에탄올,마그네슘설페이트,피이지/피피지-18/18다이메티콘,마그네슘실리케이트,칼슘소듐보로실리케이트,칼슘알루미늄보로실리케이트,실리카,합성플루오르플로고파이트,펜타에리스리틸테트라-다이-t-부틸하이드록시하이드로신나메이트,틴옥사이드,프로필렌카보네이트,다이소듐스테아로일글루타메이트,알루미나,알루미늄하이드록사이드,티타늄디옥사이드,적색201호,적색산화철,황색산화철,흑색산화철,적색104호의1,적색103호의(1),황색5호,황색4호,청색1호,카민,마이카"
16,NEW 센슈얼 틴트,헤라,"정제수,하이드로제네이티드폴리아이소부텐,마이크로크리스탈린왁스,폴리솔베이트60,스쿠알란,폴리글리세릴-2트라이아이소스테아레이트,아이소도데케인,솔비탄스테아레이트,덱스트린팔미테이트/에칠헥사노에이트,펜타에리스리틸테트라아이소스테아레이트,폴리글리세릴-2다이아이소스테아레이트,폴리에틸렌,암모늄아크릴로일다이메틸타우레이트/브이피코폴리머,페녹시에탄올,다이스테아다이모늄헥토라이트,프로판다이올,카프릴릴글라이콜,프로필렌카보네이트,리모넨,에틸헥실글리세린,리날룰,하이드록시에틸아크릴레이트/소듐아크릴로일다이메틸타우레이트코폴리머,트로메타민,데하이드로아세틱애씨드,다이소듐이디티에이,실리카,알루미나,토코페롤,솔비탄아이소스테아레이트,시트로넬올,시트랄,제라니올,비에이치티,향료,적색202호,황색5호,적색218호,적색227호,황색4호,티타늄디옥사이드,적색산화철,황색203호,청색1호,적색104호의1"
17,루쥬 쀠르 꾸뛰르 베르니 아 레브르 레블 누드,입생로랑,"칼슘알루미늄보로실리케이트,칼슘소듐보로실리케이트,알루미나,폴리에틸렌테레프탈레이트,실리카,합성플루오르플로고파이트,틴옥사이드,아크릴레이트코폴리머,알코올,아니스알코올,정제수,벤질알코올,벤질벤조에이트,세틸알코올,에틸셀룰로오스,하이드록시프로필구아,리모넨,옥틸도데칸올,향료,페녹시에탄올,소듐라우릴설페이트,솔비탄스테아레이트,수크로오스코코에이트,트라이메틸실록시페닐다이메티콘,카라멜,적색202호,황색5호,적색227호,황색4호,청색1호,카민,적색산화철,황색산화철,흑색산화철,티타늄디옥사이드,마이카"
18,하이 틴티드 립 락커,정샘물,"정제수,옥틸도데칸올,글리세린,부틸렌글라이콜,세틸알코올,에틸셀룰로오스,하이드록시에틸아크릴레이트/소듐아크릴로일다이메틸타우레이트코폴리머,폴리솔베이트20,솔비탄아이소스테아레이트,다이아이소스테아릴말레이트,12-헥산다이올,솔비탄세스퀴올리에이트,하이드록시프로필구아,감초추출물,녹차추출물,생강추출물,오미자추출물,황련추출물,향료,폴리솔베이트60,폴리하이드록시스테아릭애씨드,카프릴릴글라이콜,프로폴리스왁스,트라이에톡시카프릴릴실레인,로즈힙열매오일,다마스크장미꽃수,포트마리골드꽃추출물,적색202호,적색104호의1,적색227호,등색201호,흑색산화철,비스-베헤닐/아이소스테아릴/피토스테릴다이머디리놀레일다이머디리놀리에이트,에틸헥실글리세린,티타늄디옥사이드"
19,바이플라워 트리플 무스 틴트,네이처리퍼블릭,"다이메티콘,다이메티콘크로스폴리머,정제수,글리세린,폴리글리세릴-2트라이아이소스테아레이트,마이카,실리카,메틸트라이메티콘,펜틸렌글라이콜,적색202호,세틸피이지/피피지-10/1다이메티콘,적색201호,부틸아크릴레이트/하이드록시프로필다이메티콘아크릴레이트코폴리머,적색104호의1,적색218호,페녹시에탄올,황색5호,카프릴릴글라이콜,글리세릴아크릴레이트/아크릴릭애씨드코폴리머,실리카다이메틸실릴레이트,에틸헥실글리세린,향료,12-헥산다이올,프로판다이올,피이지/피피지-18/18다이메티콘,소듐폴리아크릴레이트,메티콘,사이클로펜타실록세인,트라이데세스-6,팔각회향추출물,코코넛추출물,아보카도버터,하이드로제네이티드식물성오일,부틸렌글라이콜,소듐하이알루로네이트"
20,비비드 슬림핏 틴트,이니스프리,"메틸트라이메티콘,사이클로펜타실록세인,트라이메틸실록시실리케이트,폴리에틸렌,비닐다이메티콘/메티콘실세스퀴옥세인크로스폴리머,폴리글리세릴-2트라이아이소스테아레이트,페닐트라이메티콘,폴리메틸메타크릴레이트,합성칸데릴라왁스,적색산화철,마이크로크리스탈린왁스,적색104호의1,티타늄디옥사이드,폴리아이소부텐,솔비탄세스퀴올리에이트,다이아이소스테아릴말레이트,쿼터늄-18헥토라이트,카프릴릴글라이콜,향료,12-헥산다이올,청색1호,프로판다이올,토코페릴아세테이트,팔각회향추출물,석영,올리브오일,아보카도오일,녹차씨오일"
21,엑스터시 라커,조르지오 아르마니,"옥틸도데칸올,정제수,트라이메틸실록시페닐다이메티콘,에틸셀룰로오스,솔비탄스테아레이트,글리세린,알코올,수크로오스코코에이트,소듐라우릴설페이트,하이드록시프로필구아,하이드록시시트로넬알,페녹시에탄올,마그네슘실리케이트,칼슘알루미늄보로실리케이트,실리카,합성플루오르플로고파이트,틴옥사이드,벤질알코올,신나밀알코올,아이소유제놀,알파-아이소메틸아이오논,향료,세틸알코올,티타늄디옥사이드,적색202호,황색5호,적색산화철,흑색산화철,적색227호,황색4호,카민,청색1호,마이카"
22,앙큼 라이어 코팅 틴트,릴리바이레드,"옥틸도데칸올,정제수,트라이메틸실록시페닐다이메티콘,에틸셀룰로오스,하이드록시에틸아크릴레이트/소듐아크릴로일다이메틸타우레이트코폴리머,솔비탄스테아레이트,부틸렌글라이콜,세테아릴글루코사이드,세테아릴알코올,트레할로오스,폴리글리세릴-2트라이아이소스테아레이트,티타늄디옥사이드,페녹시에탄올,폴리솔베이트20,소듐라우로일글루타메이트,글리세릴스테아레이트,피이지-100스테아레이트,황색5호,향료,스테비오사이드,폴리아이소부텐,수크로오스코코에이트,적색104호의1,카프릴릴글라이콜,12-헥산다이올,트로메타민,피이지-7트라이메틸올프로판코코넛에터,적색201호,프로판다이올,에틸헥실글리세린,적색218호,적색202호,적색223호,팔각회향추출물"
23,매드 매트 틴트,클리오,"정제수,하이드로제네이티드폴리아이소부텐,사이클로펜타실록세인,폴리글리세릴-2트라이아이소스테아레이트,아이소도데케인,프로판다이올,트라이메틸실록시실리케이트,세틸피이지/피피지-10/1다이메티콘,실리카,알코올,합성플루오르플로고파이트,다이스테아다이모늄헥토라이트,메틸메타크릴레이트크로스폴리머,12-헥산다이올,다이메티콘,솔비탄세스퀴올리에이트,폴리글리세릴-6폴리리시놀리에이트,다이아이소스테아릴말레이트,프로필렌카보네이트,스테비오사이드,에틸헥실글리세린,다이스테아릴다이모늄클로라이드,향료,페녹시에탄올,적색산화철,적색202호,황색5호,적색104호의1,흑색산화철"
24,크리미 실키 틴트,엘르걸,"다이메티콘,사이클로펜타실록세인,정제수,다이메티콘/비닐다이메티콘크로스폴리머,세틸피이지/피피지-10/1다이메티콘,폴리글리세릴-2트라이아이소스테아레이트,글리세린,메틸트라이메티콘,티타늄디옥사이드,펜틸렌글라이콜,황색5호,적색202호,페녹시에탄올,적색104호의1,카프릴릴글라이콜,적색201호,12-헥산다이올,향료,에틸헥실글리세린,프로판다이올,글리세릴아크릴레이트/아크릴릭애씨드코폴리머,실리카다이메틸실릴레이트,팔각회향추출물,청색1호,아이소세테스-25,아이소세테스-10,쉐어버터,서양자두씨오일,덩굴월귤열매추출물,부틸렌글라이콜"
25,엑스퍼트 컬러 립 스테인(페이턴트 샤인),VDL,"정제수,옥틸도데칸올,트라이메틸실록시페닐다이메티콘,변성알코올,솔비탄스테아레이트,에틸셀룰로오스,베헤닐알코올,아크릴레이트코폴리머,펜틸렌글라이콜,폴리솔베이트60,폴리글리세릴-2트라이아이소스테아레이트,하이드록시프로필구아,다이아이소스테아릴말레이트,하이드로제네이티드폴리데센,소듐아크릴레이트/소듐아크릴로일다이메틸타우레이트코폴리머,폴리글리세릴-2다이아이소스테아레이트,아이소헥사데칸,폴리솔베이트80,카프릴릴글라이콜,에틸헥실글리세린,페녹시에탄올,향료,티타늄디옥사이드,적색202호,적색218호,적색104호의1,적색102호,황색4호,적색227호,황색5호"
26,페리스 잉크 더 벨벳,페리페라,"다이메티콘/비닐다이메티콘크로스폴리머,글리세릴아크릴레이트/아크릴릭애씨드코폴리머,정제수,폴리글리세릴-2트라이아이소스테아레이트,메틸트라이메티콘,마이카,실리카,펜틸렌글라이콜,적색202호,적색201호,세틸피이지/피피지-10/1다이메티콘,부틸아크릴레이트/하이드록시프로필다이메티콘아크릴레이트코폴리머,적색218호,적색104호의1,페녹시에탄올,황색5호,다이메티콘,카프릴릴글라이콜,사이클로펜타실록세인,에틸헥실글리세린,12-헥산다이올,향료,프로판다이올,피이지/피피지-18/18다이메티콘,실리카다이메틸실릴레이트,메티콘,팔각회향추출물"
27,샘물 무스 캔디 틴트,더샘,"다이메티콘,정제수,다이메티콘/비닐다이메티콘크로스폴리머,메틸트라이메티콘,글리세린,세틸피이지/피피지-10/1다이메티콘,사이클로펜타실록세인,브이피/메타크릴아마이드/비닐이미다졸코폴리머,펜틸렌글라이콜,황색5호,폴리글리세릴-2트라이아이소스테아레이트,페녹시에탄올,적색227호,티타늄디옥사이드,카프릴릴글라이콜,향료,글리세릴아크릴레이트/아크릴릭애씨드코폴리머,적색202호,12-헥산다이올,프로판다이올,에틸헥실글리세린,토코페롤,페닐프로판올,실리카다이메틸실릴레이트,팔각회향추출물,하이드롤라이즈드콜라겐,꿀추출물,프로필렌글라이콜,판테놀,부틸렌글라이콜,소듐하이알루로네이트"
28,에멀전 글로시 틴트,뜨엘,"정제수,옥틸도데칸올,트라이메틸실록시페닐다이메티콘,변성알코올,솔비탄스테아레이트,에틸셀룰로오스,베헤닐알코올,아크릴레이트코폴리머,폴리솔베이트60,펜틸렌글라이콜,폴리글리세릴-2트라이아이소스테아레이트,소듐아크릴레이트/소듐아크릴로일다이메틸타우레이트코폴리머,아이소헥사데칸,폴리솔베이트80,다이아이소스테아릴말레이트,폴리글리세릴-2다이아이소스테아레이트,에틸헥실글리세린,페녹시에탄올,향료,적색201호,적색202호,적색102호,티타늄디옥사이드,청색1호,황색4호,적색227호,적색104호의1,황색5호"
29,울트라 HD 스무디 벨벳 틴트,우드버리,"다이메티콘,다이메티콘/비닐다이메티콘크로스폴리머,사이클로펜타실록세인,정제수,세틸피이지/피피지-10/1다이메티콘,글리세린,폴리글리세릴-2트라이아이소스테아레이트,티타늄디옥사이드,메틸트라이메티콘,펜틸렌글라이콜,부틸아크릴레이트/하이드록시프로필다이메티콘아크릴레이트코폴리머,카프릴릴글라이콜,글리세릴아크릴레이트/아크릴릭애씨드코폴리머,12-헥산다이올,에틸헥실글리세린,향료,프로판다이올,실리카다이메틸실릴레이트,팔각회향추출물,아이소세테스-10,아이소세테스-25"
30,라이블리 립매트,이글립스,"아이소도데케인,합성플루오르플로고파이트,폴리부텐,티타늄디옥사이드,다이스테아다이모늄헥토라이트,브이피/헥사데센코폴리머,마이크로크리스탈린왁스,트라이메틸실록시실리케이트,사이클로펜타실록세인,황색산화철,프로필렌카보네이트,12-헥산다이올,적색201호,흑색산화철,아보카도오일,로즈힙열매오일,마카다미아씨오일,살구씨오일,페녹시에탄올,토코페릴아세테이트,향료"
31,래스팅 페인팅 틴트,미샤,"정제수,옥틸도데칸올,트라이메틸실록시페닐다이메티콘,변성알코올,솔비탄스테아레이트,아크릴레이트코폴리머,에틸셀룰로오스,베헤닐알코올,하이드로제네이티드폴리데센,실리카,폴리메틸실세스퀴옥세인,해바라기씨오일,알로에베라잎추출물,키위추출물,펜틸렌글라이콜,폴리솔베이트60,폴리아크릴레이트-13,폴리아이소부텐,폴리글리세릴-2트라이아이소스테아레이트,다이아이소스테아릴말레이트,하이드록시프로필구아,폴리솔베이트20,폴리글리세릴-2다이아이소스테아레이트,솔비탄아이소스테아레이트,에틸헥실글리세린,카프릴릴글라이콜,12-헥산다이올,다이소듐이디티에이,페녹시에탄올,향료,적색산화철,적색218호,적색102호,적색202호,흑색산화철,황색5호,적색227호,황색4호"
32,볼립떼 틴트 인 오일,입생로랑,"폴리부텐,다이아이소스테아릴말레이트,옥틸도데칸올,하이드로제네이티드폴리아이소부텐,트라이데실트라이멜리테이트,C12-15알킬벤조에이트,펜틸렌글라이콜,카프릴릴글라이콜,칼슘소듐보로실리케이트,합성플루오르플로고파이트,펜타에리스리틸테트라-다이-t-부틸하이드록시하이드로신나메이트,살구씨오일,알루미나,패션프룻씨오일,마카다미아씨오일,고수열매오일,호호바씨오일,마그네슘실리케이트,칼슘알루미늄보로실리케이트,틴옥사이드,실리카,향료,적색산화철,황색산화철,흑색산화철,티타늄디옥사이드,마이카,적색104호의1,적색103호의(1),황색5호,적색201호,황색4호,베타-카로틴,적색202호,청색1호,자색201호,카민"
33,리얼핏 매트 리퀴드,이니스프리,"아이소도데케인,다이메티콘,다이스테아다이모늄헥토라이트,카프릴릭/카프릭트라이글리세라이드,트라이메틸실록시실리케이트,하이드로제네이티드폴리아이소부텐,트라이메틸실록시페닐다이메티콘,트라이실록세인,티타늄디옥사이드,사이클로펜타실록세인,적색산화철,다이메티콘/비닐다이메티콘크로스폴리머,폴리하이드록시스테아릭애씨드,황색5호,적색202호,적색103호의(1),적색201호,향료,에틸렌/프로필렌/스타이렌코폴리머,프로필렌카보네이트,부틸렌/에틸렌/스타이렌코폴리머,에틸헥실팔미테이트,레시틴,아이소스테아릭애씨드,아이소프로필팔미테이트,글리세릴카프릴레이트,폴리글리세릴-3폴리리시놀리에이트,데하이드로아세틱애씨드,동백오일,호호바씨오일,퉁퉁마디추출물"
34,비비드 오일 틴트,이니스프리,"글리세린,다이아이소스테아릴말레이트,폴리부텐,정제수,폴리글리세릴-2트라이아이소스테아레이트,다이페닐다이메티콘,비스-다이글리세릴폴리아실아디페이트-2,폴리글리세릴-10노나아이소스테아레이트,세틸피이지/피피지-10/1다이메티콘,카프릴릭/카프릭트라이글리세라이드,하이드로제네이티드폴리아이소부텐,다이머디리놀레일다이머디리놀리에이트,폴리솔베이트60,글리세릴스테아레이트,피이지-100스테아레이트,솔비탄세스퀴올리에이트,펜틸렌글라이콜,12-헥산다이올,페녹시에탄올,하이드록시에틸아크릴레이트/소듐아크릴로일다이메틸타우레이트코폴리머,티타늄디옥사이드,황색4호,적색104호의1,스쿠알란,부틸렌글라이콜,에틸헥실글리세린,스테비오사이드,적색227호,솔비탄아이소스테아레이트,소듐시트레이트,시트릭애씨드,아르간트리커넬오일,해바라기씨오일,올리브오일,동백오일,호호바씨오일,녹차씨오일,마카다미아씨오일,붉은누룩곰팡이추출물,향료"
35,포켓몬_피카피카 겟잇 틴트,토니모리,"정제수,부틸렌글라이콜,글리세린,다마스크장미꽃수,동백꽃추출물,무화과추출물,은행추출물,오디추출물,석류추출물,암모늄아크릴로일다이메틸타우레이트/브이피코폴리머,폴리아크릴레이트크로스폴리머-6,피이지-60하이드로제네이티드캐스터오일,다이프로필렌글라이콜,다이메티콘,에틸헥실글리세린,덱스트린,스테비오사이드,레시틴,알루미늄하이드록사이드,암모늄폴리아크릴레이트,폴리메틸실세스퀴옥세인,토코페릴아세테이트,실리카,시트릭애씨드,페녹시에탄올,포타슘솔베이트,소듐벤조에이트,향료,티타늄디옥사이드,황색5호,적색227호,적색104호의1"
36,컬러 인 리퀴드 립스 무스,에뛰드하우스,"다이메티콘,정제수,사이클로펜타실록세인,다이메티콘/비닐다이메티콘크로스폴리머,메틸트라이메티콘,세틸피이지/피피지-10/1다이메티콘,부틸렌글라이콜,브이피/메타크릴아마이드/비닐이미다졸코폴리머,글리세린,황색5호,페녹시에탄올,적색227호,카프릴릴글라이콜,폴리글리세릴-2트라이아이소스테아레이트,12-헥산다이올,프로판다이올,향료,적색104호의1,글리세릴아크릴레이트/아크릴릭애씨드코폴리머,실리카다이메틸실릴레이트,아이소세테스-25,아이소세테스-10,토코페롤,페닐프로판올,팔각회향추출물"
37,워터드롭 틴트,라네즈,"정제수,옥틸도데칸올,트라이메틸실록시페닐다이메티콘,부틸렌글라이콜,알코올,솔비탄스테아레이트,에틸셀룰로오스,세틸알코올,폴리솔베이트60,하이드록시에틸아크릴레이트/소듐아크릴로일다이메틸타우레이트코폴리머,에틸헥실글리세린,실리카,알루미나,향료,적색201호,적색202호,적색218호,적색104호의1,적색227호,황색4호,황색5호,황색203호,청색1호,티타늄디옥사이드,흑색산화철,적색산화철,마이카"
38,라끄 엑셀랑스 틴티드,비디비치,"정제수,옥틸도데칸올,글리세린,폴리글리세릴-2트라이아이소스테아레이트,변성알코올,피토스테릴/아이소스테아릴/세틸/스테아릴/베헤닐다이머디리놀리에이트,에틸셀룰로오스,세테아릴글루코사이드,부틸렌글라이콜,세테아릴알코올,하이드록시에틸아크릴레이트/소듐아크릴로일다이메틸타우레이트코폴리머,12-헥산다이올,다마스크장미꽃오일,달맞이꽃오일,로즈힙열매오일,펜틸렌글라이콜,아크릴레이트코폴리머,아라키딜알코올,라우레스-21,베헤닐알코올,아라키딜글루코사이드,폴리솔베이트20,폴리아크릴레이트크로스폴리머-6,소듐사카린,소듐시트레이트,에틸헥실글리세린,시트릭애씨드,향료,페녹시에탄올,적색227호,등색205호,적색104호의1"
39,베리 딜리셔스 컬러 인 리퀴드 립스,에뛰드하우스,"정제수,옥틸도데칸올,트라이메틸실록시페닐다이메티콘,글리세린,솔비탄스테아레이트,알코올,에틸셀룰로오스,구기자추출물,덩굴월귤열매추출물,등색205호,딸기추출물,라즈베리추출물,무환자추출물,블루베리추출물,에틸헥실글리세린,적색202호,적색227호,진들딸기씨추출물,커피추출물,페녹시에탄올,폴리글리세릴-2트라이아이소스테아레이트,폴리솔베이트60,폴리솔베이트20,폴리아크릴레이트-13,폴리아이소부텐,프로판다이올,향료,황색5호"
40,체크 크리미 블라스터 틴트,투쿨포스쿨,"다이메티콘,다이메티콘/비닐다이메티콘크로스폴리머,정제수,글리세린,사이클로펜타실록세인,세틸피이지/피피지-10/1다이메티콘,메틸트라이메티콘,티타늄디옥사이드,폴리글리세릴-2트라이아이소스테아레이트,부틸렌글라이콜,부틸아크릴레이트/하이드록시프로필다이메티콘아크릴레이트코폴리머,피이지-10다이메티콘,적색202호,적색218호,에틸헥실글리세린,황색4호,페녹시에탄올,적색104호의1,마이카,알루미늄하이드록사이드,글리세릴아크릴레이트/아크릴릭애씨드코폴리머,청색1호,적색산화철,향료,실리카다이메틸실릴레이트,메티콘,카카오씨버터,망고씨버터,쉐어버터,우유단백질추출물,12-헥산다이올"
41,잉크 더 포근 벨벳,페리페라,"다이메티콘,사이클로펜타실록세인,다이메티콘/비닐다이메티콘크로스폴리머,글리세린,정제수,실리카,트라이메틸실록시페닐다이메티콘,세틸피이지/피피지-10/1다이메티콘,페닐트라이메티콘,피이지-10다이메티콘,쿼터늄-18헥토라이트,펜틸렌글라이콜,실리카실릴레이트,솔비탄올리베이트,솔비탄세스퀴올리에이트,옥타데센,아크릴레이트/다이메티콘코폴리머,페녹시에탄올,피피지-26-부테스-26,글리세릴아크릴레이트/아크릴릭애씨드코폴리머,사이클로테트라실록세인,피이지-40하이드로제네이티드캐스터오일,에틸헥실글리세린,글리세릴카프릴레이트,폴리글리세릴-2트라이아이소스테아레이트,쉐어버터,스위트아몬드오일,카프릴릭/카프릭트라이글리세라이드,연꽃추출물,향료,황색5호,적색104호의1,적색202호,적색218호"
42,래스팅 립 틴트,어퓨,"정제수,프로필렌글라이콜다이카프릴레이트/다이카프레이트,트라이메틸실록시실리케이트,하이드로제네이티드폴리데센,하이드로제네이티드폴리아이소부텐,아이소헥사데칸,폴리글리세릴-2트라이아이소스테아레이트,폴리프로필실세스퀴옥세인,다이메티콘,세틸피이지/피피지-10/1다이메티콘,소듐클로라이드,라우릴피이지-9폴리다이메틸실록시에틸다이메티콘,잇꽃씨추출물,벚꽃추출물,자근추출물,토마토수,소듐하이알루로네이트,솔비탄세스퀴올리에이트,다이메티콘/비닐다이메티콘크로스폴리머,하이드록시에틸아크릴레이트/소듐아크릴로일다이메틸타우레이트코폴리머,스쿠알란,다이스테아다이모늄헥토라이트,글리세릴아이소스테아레이트,옥토크릴렌,세레신,오조케라이트,폴리솔베이트60,솔비탄아이소스테아레이트,부틸렌글라이콜,알코올,글리세린,에틸헥실글리세린,페녹시에탄올,12-헥산다이올,카프릴릴글라이콜,향료,티타늄디옥사이드,적색104호의1,등색205호,황색5호,적색102호,흑색산화철,청색1호"
43,하이라이트 립 틴트 글로우,마몽드,"정제수,비스-다이글리세릴폴리아실아디페이트-2,다이페닐다이메티콘,다이아이소스테아릴말레이트,옥틸도데칸올,하이드록시에틸아크릴레이트/소듐아크릴로일다이메틸타우레이트코폴리머,세틸피이지/피피지-10/1다이메티콘,부틸렌글라이콜,글리세린,폴리솔베이트60,펜틸렌글라이콜,솔비탄아이소스테아레이트,페녹시에탄올,수크로오스코코에이트,티타늄디옥사이드,소듐라우로일글루타메이트,향료,폴리글리세릴-2트라이아이소스테아레이트,적색104호의1,카프릴릴글라이콜,12-헥산다이올,트로메타민,에틸헥실글리세린,스테비오사이드,프로판다이올,황색4호,팔각회향추출물,동백오일,달맞이꽃오일"
44,버시컬러 스테인,맥,"정제수,옥토크릴렌,트라이메틸실록시페닐다이메티콘,변성알코올,솔비탄스테아레이트,아크릴레이트코폴리머,에틸셀룰로오스,베헤닐알코올,폴리솔베이트60,에틸헥실글리세린,다이아이소스테아릴말레이트,하이드로제네이티드폴리데센,폴리아이소부텐,폴리아크릴레이트-13,폴리솔베이트20,펜틸렌글라이콜,폴리글리세릴-2다이아이소스테아레이트,폴리글리세릴-2트라이아이소스테아레이트,바닐린,향료,다이소듐이디티에이,페녹시에탄올,마이카,티타늄디옥사이드,아이런옥사이드,청색1호,적색201호,적색104호의1,적색227호,황색4호,황색5호"
45,아임 틱톡 틴트 립 벨벳,아임미미,"다이메티콘,사이클로펜타실록세인,다이메티콘/비닐다이메티콘크로스폴리머,정제수,세틸피이지/피피지-10/1다이메티콘,글리세린,폴리글리세릴-2트라이아이소스테아레이트,메틸트라이메티콘,적색201호,펜틸렌글라이콜,황색5호,향료,부틸아크릴레이트/하이드록시프로필다이메티콘아크릴레이트코폴리머,아이소트라이데실아이소노나노에이트,페녹시에탄올,스테비오사이드,티타늄디옥사이드,적색202호,카프릴릴글라이콜,글리세릴아크릴레이트/아크릴릭애씨드코폴리머,12-헥산다이올,적색산화철,적색104호의1,프로판다이올,황색4호,적색227호,에틸헥실글리세린,팔각회향추출물,실리카다이메틸실릴레이트,아이소세테스-25,알란토인,부틸렌글라이콜,하이드롤라이즈드실크,하이드롤라이즈드콜라겐,아라비아고무나무꽃/줄기추출물,수용성콜라겐"
46,썬더볼 틴트 무스,컬러그램,"다이메티콘,정제수,다이메티콘/비닐다이메티콘크로스폴리머,글리세린,라우릴피이지-8다이메티콘,사이클로펜타실록세인,다이메티콘크로스폴리머,아크릴레이트코폴리머,동백오일,로즈힙열매오일,다마스크장미꽃오일,우엉추출물,아마인추출물,알로에베라잎추출물,오크라열매추출물,포포나무열매추출물,12-헥산다이올,프로필렌글라이콜,에틸헥실글리세린,글리세릴아크릴레이트/아크릴릭애씨드코폴리머,실리카,부틸렌글라이콜,카프릴릭/카프릭트라이글리세라이드,향료,페녹시에탄올,등색205호,적색104호의1,적색227호,황색5호"
47,립 페인트,웨이크메이크,"정제수,아이소도데케인,다이메티콘,세틸피이지/피피지-10/1다이메티콘,알코올,옥틸도데칸올,부틸렌글라이콜,아크릴레이트/폴리트라이메틸실록시메타크릴레이트코폴리머,적색201호,트라이메틸실록시페닐다이메티콘,비닐다이메티콘/메티콘실세스퀴옥세인크로스폴리머,메틸메타크릴레이트크로스폴리머,황색5호,적색산화철,다이스테아다이모늄헥토라이트,적색104호의1,페녹시에탄올,폴리글리세릴-4아이소스테아레이트,피이지/피피지-18/18다이메티콘,향료,티타늄디옥사이드,카프릴릴글라이콜,프로필렌카보네이트,12-헥산다이올,프로판다이올,에틸헥실글리세린,적색227호,팔각회향추출물,알루미늄하이드록사이드,덩굴월귤열매추출물,글리세린,레몬추출물"
48,엔비 바이닐 립컬러,에스티로더,"옥틸도데칸올,정제수,변성알코올,에틸셀룰로오스,아이소도데케인,솔비탄스테아레이트,브이피/메타크릴아마이드/비닐이미다졸코폴리머,아크릴레이트코폴리머,부틸아크릴레이트/하이드록시프로필다이메티콘아크릴레이트코폴리머,다이펜타에리스리틸헥사하이드록시스테아레이트,슈크로오스폴리스테아레이트,수크로오스코코에이트,다이스테아다이모늄헥토라이트,하이드로제네이티드폴리아이소부텐,호호바씨오일,아보카도오일,해바라기씨오일,세라마이드엔지,에틸헥실팔미테이트,트라이베헤닌,팔미토일헥사펩타이드-12,폴리데센,토코페롤,소듐하이알루로네이트,테트라헥실데실아스코베이트,갈락토아라비난,C12-15알킬벤조에이트,사카린,다이칼슘포스페이트,솔비탄아이소스테아레이트,피이지-10피토스테롤,아이소프로필티타늄트라이아이소스테아레이트,포타슘솔베이트,향료,바닐린,틴옥사이드,칼슘소듐보로실리케이트,실리카,펜타에리스리틸테트라-다이-t-부틸하이드록시하이드로신나메이트,비에이치티,페녹시에탄올,마이카,티타늄디옥사이드,적색104호의1,카민,적색227호,청색1호,비스머스옥시클로라이드,적색226호,황색4호,망가니즈바이올렛,황색산화철,적색산화철,흑색산화철,황색5호,적색202호,청동가루,적색201호"
49,반밤 컬러 틴트 오일&매트,에뛰드하우스,"다이메티콘,폴리글리세릴-2트라이아이소스테아레이트,세레신,비스-다이글리세릴폴리아실아디페이트-2,다이페닐실록시페닐트라이메티콘,실리카,다이아이소스테아릴말레이트,호호바에스터,아이소노닐아이소노나노에이트,황색산화철,티타늄디옥사이드,다이메티콘크로스폴리머,적색산화철,하이드로제네이티드폴리아이소부텐,비닐다이메티콘/메티콘실세스퀴옥세인크로스폴리머,적색202호,12-헥산다이올,알루미나,카올린,흑색산화철,향료,사이클로메티콘,토코페롤,카프릴릭/카프릭트라이글리세라이드,스위트아몬드오일,바오밥나무씨오일,아보카도오일,쉐어버터,호호바씨오일,로즈힙열매추출물,장미추출물"
50,젤리톡틴트,웨이크메이크,"다이아이소스테아릴말레이트,정제수,다이페닐다이메티콘,비스-다이글리세릴폴리아실아디페이트-2,옥틸도데칸올,하이드로제네이티드폴리아이소부텐,하이드록시에틸아크릴레이트/소듐아크릴로일다이메틸타우레이트코폴리머,부틸렌글라이콜,세틸피이지/피피지-10/1다이메티콘,글리세린,폴리솔베이트60,피이지-10다이메티콘,솔비탄아이소스테아레이트,펜틸렌글라이콜,에틸셀룰로오스,글리세릴스테아레이트,피이지-100스테아레이트,페녹시에탄올,수크로오스코코에이트,소듐라우로일글루타메이트,적색227호,황색5호,향료,카프릴릴글라이콜,12-헥산다이올,황색4호,에틸헥실글리세린,트로메타민,스테비오사이드,프로판다이올,팔각회향추출물,동백오일,자몽추출물,꿀추출물"
51,립톤 겟잇틴트 워터바,토니모리,"정제수,부틸렌글라이콜,마이카,소듐스테아레이트,솔비탄아이소스테아레이트,글리세린,펜틸렌글라이콜,폴리솔베이트60,글리세릴스테아레이트,적색40호,황색5호,적색2호,적색218호,소듐클로라이드,다이메티콘,향료,페녹시에탄올,하이드록시에틸셀룰로오스,소듐아세테이트,셀룰로오스,해바라기추출물,하이드롤라이즈드콜라겐,토코페릴아세테이트,서양유채꽃추출물,아스코빅애씨드,소듐하이알루로네이트,복숭아추출물,카프릴릭/카프릭트라이글리세라이드,동백나무씨추출물"
52,메가라스트 리퀴드 캣슈트 매트 립,웻 앤 와일드,"아이소도데케인,사이클로펜타실록세인,옥틸도데칸올,트라이메틸실록시실리케이트,다이스테아다이모늄헥토라이트,하이드로제네이티드폴리사이클로펜타디엔,메틸메타크릴레이트크로스폴리머,폴리메틸실세스퀴옥세인,트리아콘타닐피브이피,프로필렌카보네이트,실리카다이메틸실릴레이트,브이피/아이코센코폴리머,폴리에틸렌,카나우바왁스,페녹시에탄올,피토스테릴마카다미에이트,소르빅애씨드,토코페릴아세테이트,토코페롤,티타늄디옥사이드,적색202호,황색4호,흑색산화철,적색104호의1,적색201호,적색226호,청색1호,황색5호"
53,피키비키 아트팝 에나멜 틴트,토니모리,"정제수,옥틸도데칸올,글리세레스-26,트라이메틸실록시페닐다이메티콘,세테아릴알코올,폴리글리세릴-10데카아이소스테아레이트,피토스테릴/아이소스테아릴/세틸/스테아릴/베헤닐다이머디리놀리에이트,부틸렌글라이콜,에틸셀룰로오스,글리세린,세테아릴글루코사이드,다이메티콘,폴리아크릴레이트크로스폴리머-6,폴리아크릴아마이드,라우레스-21,C13-14아이소파라핀,하이드록시프로필구아,스테비오사이드,소듐시트레이트,레시틴,라우레스-7,다이소듐이디티에이,알루미늄하이드록사이드,암모늄폴리아크릴레이트,시트릭애씨드,카무카무추출물,카카두플럼추출물,레몬추출물,아세로라추출물,석류추출물,블랙커런트잎추출물,로즈힙열매추출물,페녹시에탄올,카프릴릴글라이콜,글리세릴카프릴레이트,향료,티타늄디옥사이드,적색104호의1,등색205호,적색227호"
54,워터 그라피 틴트,캐시캣,"정제수,옥틸도데칸올,세틸알코올,변성알코올,피토스테릴/아이소스테아릴/세틸/스테아릴/베헤닐다이머디리놀리에이트,에틸셀룰로오스,폴리솔베이트20,12-헥산다이올,하이드록시에틸아크릴레이트/소듐아크릴로일다이메틸타우레이트코폴리머,스쿠알란,폴리솔베이트60,다이아이소스테아릴말레이트,솔비탄스테아레이트,페녹시에탄올,시메티콘,하이드록시에틸셀룰로오스,다이펜타에리스리틸헥사C5-9애씨드에스터,향료,티타늄디옥사이드,적색104호의1,적색산화철,적색201호,황색4호,황색5호,적색227호"
55,차차 틴트,베네피트,"정제수,에틸헥실스테아레이트,부틸렌글라이콜,펜틸렌글라이콜,하이드록시에틸아크릴레이트/소듐아크릴로일다이메틸타우레이트코폴리머,다이메티콘피이지-7포스페이트,스쿠알란,페녹시에탄올,티타늄디옥사이드,레시틴,폴리솔베이트60,테트라소듐이디티에이,황색5호,적색201호,적색104호의1,다이소듐이디티에이"
56,고고 틴트,베네피트,"정제수,에틸헥실스테아레이트,펜틸렌글라이콜,부틸렌글라이콜,다이아이소스테아릴말레이트,하이드록시에틸아크릴레이트/소듐아크릴로일다이메틸타우레이트코폴리머,페녹시에탄올,스쿠알란,레시틴,적색202호레이크,폴리솔베이트60,티타늄디옥사이드,다이소듐이디티에이,테트라소듐이디티에이,솔비탄아이소스테아레이트,적색202호,적색218호,적색104호의1레이크,프로필갈레이트"
57,컬러 센세이셔널 립 틴트,메이블린 뉴욕,"옥틸도데칸올,정제수,트라이메틸실록시페닐다이메티콘,에틸셀룰로오스,솔비탄스테아레이트,알코올,세틸알코올,페녹시에탄올,수크로오스코코에이트,소듐라우릴설페이트,하이드록시프로필구아,향료,알루미나,알루미늄하이드록사이드,실리카,적색103호의(1),적색201호,티타늄디옥사이드,적색218호,황색5호,적색104호의1,적색227호,황색4호,적색산화철,등색205호,청색1호"
58,휘핑 톡 틴트,웨이크메이크,"다이메티콘,다이메티콘/비닐다이메티콘크로스폴리머,폴리글리세릴-2트라이아이소스테아레이트,마이카,실리카,세틸피이지/피피지-10/1다이메티콘,티타늄디옥사이드,사이클로펜타실록세인,다이메티콘크로스폴리머,메틸트라이메티콘,황색5호,적색201호,향료,황색4호,적색202호,메티콘,꿀추출물,덩굴월귤열매추출물,로즈힙씨추출물,부틸렌글라이콜,정제수,페녹시에탄올"
59,마뜨 쉐이커,랑콤,"정제수,다이메티콘,아이소도데케인,부틸렌글라이콜,알코올,아크릴레이트/폴리트라이메틸실록시메타크릴레이트코폴리머,세틸피이지/피피지-10/1다이메티콘,트라이메틸펜타페닐트라이실록세인,다이스테아다이모늄헥토라이트,폴리글리세릴-4아이소스테아레이트,틴옥사이드,피이지/피피지-18/18다이메티콘,칼슘알루미늄보로실리케이트,칼슘소듐보로실리케이트,실리카,알루미나,알루미늄하이드록사이드,마그네슘실리케이트,마그네슘설페이트,로진,다이소듐스테아로일글루타메이트,프로필렌카보네이트,합성플루오르플로고파이트,토코페롤,펜타에리스리틸테트라-다이-t-부틸하이드록시하이드로신나메이트,페녹시에탄올,리모넨,헥실신나몰,향료,적색201호,적색202호,황색5호,적색227호,황색4호,청색1호,적색103호의(1),적색218호,카민,바륨설페이트,적색산화철,황색산화철,흑색산화철,망가니즈바이올렛,티타늄디옥사이드,마이카"
60,립코닉 크림 틴트건,홀리카홀리카,"페닐프로필다이메틸실록시실리케이트,다이아이소스테아릴말레이트,하이드로제네이티드폴리아이소부텐,옥틸도데칸올,올리브오일피이지-8에스터,피토스테릴/아이소스테아릴/세틸/스테아릴/베헤닐다이머디리놀리에이트,다이글리세린,다이프로필렌글라이콜,스테아릴알코올,베헤닐알코올,마이크로크리스탈린왁스,폴리솔베이트20,폴리솔베이트60,솔비탄스테아레이트,하이드록시에틸아크릴레이트/소듐아크릴로일다이메틸타우레이트코폴리머,세테아레스-20,세틸피이지/피피지-10/1다이메티콘,카나우바왁스,펜틸렌글라이콜,티타늄디옥사이드,하이드록시아세토페논,페녹시에탄올,스테비오사이드,황색5호,적색104호의1,벤조페논-9,향료,폴리메틸실세스퀴옥세인,솔비탄아이소스테아레이트,에틸헥실글리세린,다이소듐이디티에이,글리세린,실리카,적색227호,꿀추출물,위치하젤잎추출물,복숭아추출물,부틸렌글라이콜"
61,물광 틴트,어퓨,"정제수,옥틸도데칸올,트라이메틸실록시페닐다이메티콘,변성알코올,솔비탄스테아레이트,에틸셀룰로오스,아크릴레이트코폴리머,베헤닐알코올,왕귤껍질오일,오렌지껍질오일,레몬껍질오일,연꽃수,수박추출물,토마토추출물,파파야열매추출물,오렌지추출물,자몽추출물,살구추출물,망고추출물,복숭아추출물,장미추출물,벚꽃추출물,다이펜타에리스리틸테트라하이드록시스테아레이트/테트라아이소스테아레이트,펜틸렌글라이콜,폴리솔베이트60,폴리아크릴레이트-13,다이아이소스테아릴말레이트,폴리아이소부텐,폴리글리세릴-2트라이아이소스테아레이트,폴리글리세릴-2다이아이소스테아레이트,폴리솔베이트20,솔비탄아이소스테아레이트,에틸헥실글리세린,부틸렌글라이콜,프로필렌글라이콜,12-헥산다이올,다이소듐이디티에이,페녹시에탄올,향료,적색202호,황색5호,적색산화철,적색227호,적색102호,적색104호의1,흑색산화철"
62,래디언트 롤리 틴트,위치스파우치,"옥틸도데칸올,정제수,트라이메틸실록시페닐다이메티콘,에틸셀룰로오스,하이드록시에틸아크릴레이트/소듐아크릴로일다이메틸타우레이트코폴리머,펜틸렌글라이콜,트레할로오스,티타늄디옥사이드,폴리글리세릴-2트라이아이소스테아레이트,폴리솔베이트20,페녹시에탄올,향료,소듐라우릴설페이트,알코올,카프릴릴글라이콜,하이드록시프로필구아,울트라마린,에틸헥실글리세린,스테비오사이드,12-헥산다이올,프로판다이올,적색218호,황색산화철,적색227호,적색102호,옥탄다이올,토코페릴아세테이트,달맞이꽃오일,포도씨오일,청색1호"
63,립스테인 워터 글로우,에스쁘아,"정제수,옥틸도데칸올,변성알코올,트라이메틸실록시페닐다이메티콘,다이페닐실록시페닐트라이메티콘,솔비탄스테아레이트,베헤닐알코올,에틸셀룰로오스,적색104호의1,로즈힙열매오일,바바수씨오일,진들딸기씨추출물,펜틸렌글라이콜,폴리솔베이트60,폴리글리세릴-2트라이아이소스테아레이트,다이아이소스테아릴말레이트,소듐아크릴레이트/소듐아크릴로일다이메틸타우레이트코폴리머,폴리글리세릴-2다이아이소스테아레이트,아이소헥사데칸,폴리솔베이트80,에틸헥실글리세린,부틸렌글라이콜,페녹시에탄올,향료,적색202호,적색104호의1,황색4호,적색102호"
64,립리치 비비드 틴트,에뛰드하우스,"정제수,하이드로제네이티드폴리아이소부텐,스쿠알란,마이크로크리스탈린왁스,폴리솔베이트60,펜타에리스리틸테트라아이소스테아레이트,솔비탄스테아레이트,덱스트린팔미테이트/에칠헥사노에이트,쉐어버터,폴리글리세릴-2트라이아이소스테아레이트,티타늄디옥사이드,폴리글리세릴-2다이아이소스테아레이트,데하이드로아세틱애씨드,다이소듐이디티에이,다이스테아다이모늄헥토라이트,다이아이소스테아릴말레이트,에틸헥실글리세린,적색202호,적색218호,적색산화철,카프릴릴글라이콜,토코페롤,트로메타민,페녹시에탄올,폴리에틸렌,폴리하이드록시스테아릭애씨드,프로필렌카보네이트,하이드록시에틸아크릴레이트/소듐아크릴로일다이메틸타우레이트코폴리머,향료,황색4호,황색5호"
65,워터킬 틴티드 립,클리오,"아이소도데케인,옥틸도데칸올,폴리글리세릴-2트라이아이소스테아레이트,다이아이소스테아릴말레이트,실리카,다이스테아다이모늄헥토라이트,황색5호,다이칼슘포스페이트,실리카실릴레이트,합성플루오르플로고파이트,적색104호의1,폴리글리세릴-2다이아이소스테아레이트,적색202호,프로필렌카보네이트,폴리에틸렌,감국추출물,홍화추출물,연교추출물,치자꽃추출물,금은화추출물,메틸하이드로제네이티드로지네이트,폴리부텐,솔비탄아이소스테아레이트,브이피/헥사데센코폴리머,토코페릴아세테이트,부틸렌글라이콜,데하이드로아세틱애씨드,페녹시에탄올,향료,황색4호,티타늄디옥사이드,적색218호"
66,오마이 어썸 틴트,리즐리,"다이메티콘,다이메티콘/비닐다이메티콘크로스폴리머,합성플루오르플로고파이트,정제수,프로필렌글라이콜,폴리글리세릴-2아이소스테아레이트,사이클로펜타실록세인,트라이메틸실록시실리케이트,아이소도데케인,세틸피이지/피피지-10/1다이메티콘,폴리메틸메타크릴레이트,폴리메틸실세스퀴옥세인,브이피/헥사데센코폴리머,솔비탄세스퀴올리에이트,12-헥산다이올,페녹시에탄올,에틸헥실글리세린,피이지-60하이드로제네이티드캐스터오일,다이스테아다이모늄헥토라이트,팔미틱애씨드,스테아릭애씨드,프로필렌카보네이트,실리카다이메틸실릴레이트,참나리추출물,장미추출물,커먼자스민추출물,꽃창포추출물,연꽃추출물,에델바이스추출물,프리지어추출물,녹차추출물,진주추출물,약모밀추출물,녹두추출물,부틸렌글라이콜,글리세린,로즈힙열매오일,마카다미아씨오일,아보카도오일,살구씨오일,토코페릴아세테이트,적색218호,황색5호,티타늄디옥사이드,적색산화철,흑색산화철,황색산화철,적색202호,향료"
67,립코닉 틴트 마그마,홀리카홀리카,"사이클로펜타실록세인,정제수,다이메티콘/비닐다이메티콘크로스폴리머,글리세린,실리카,세틸피이지/피피지-10/1다이메티콘,페닐트라이메티콘,다이메티콘,트라이메틸실록시페닐다이메티콘,피이지-10다이메티콘,쿼터늄-18헥토라이트,적색산화철,스테아릴다이메티콘,적색202호,아크릴레이트/다이메티콘코폴리머,펜틸렌글라이콜,솔비탄세스퀴올리에이트,실리카실릴레이트,페녹시에탄올,티타늄디옥사이드,옥타데센,피피지-26-부테스-26,글리세릴아크릴레이트/아크릴릭애씨드코폴리머,피이지-40하이드로제네이티드캐스터오일,향료,흑색산화철,황색5호,벤조페논-9,에틸헥실글리세린,글리세릴카프릴레이트,사이클로테트라실록세인,트라이에톡시카프릴릴실레인,적색227호,아르간트리커넬오일,아스코빅애씨드,코코넛오일,스위트아몬드오일,스쿠알란,아이소세테스-10,청색1호"
68,컬러 픽싱 틴트,엘르걸,"정제수,아이소도데케인,옥틸도데칸올,아크릴레이트/폴리트라이메틸실록시메타크릴레이트코폴리머,다이메티콘,실리카,변성알코올,카나우바왁스,피이지-10다이메티콘,펜틸렌글라이콜,라우릴피이지-9폴리다이메틸실록시에틸다이메티콘,적색102호,다이아이소스테아릴말레이트,로즈힙열매오일,폴리글리세릴-2다이아이소스테아레이트,세테아레스-20,폴리글리세릴-2트라이아이소스테아레이트,다이스테아다이모늄헥토라이트,스테아레스-100,프로필렌카보네이트,에틸헥실글리세린,카프릴릴글라이콜,헥실렌글라이콜,토코페롤,소듐하이알루로네이트,페녹시에탄올,향료,적색202호,황색5호,적색104호의1"
69,샤인 카레스 글로스 틴트,로레알파리,"옥틸도데칸올,정제수,트라이메틸실록시페닐다이메티콘,에틸셀룰로오스,솔비탄스테아레이트,알코올,세틸알코올,페녹시에탄올,수크로오스코코에이트,소듐라우릴설페이트,하이드록시프로필구아,칼슘알루미늄보로실리케이트,향료,하이드록시시트로넬알,칼슘소듐보로실리케이트,실리카,리날룰,시트로넬올,알루미나,합성플루오르플로고파이트,폴리에틸렌테레프탈레이트,벤질알코올,틴옥사이드,아크릴레이트코폴리머,티타늄디옥사이드,마이카,적색산화철,황색산화철,흑색산화철,황색5호,적색227호,적색202호,황색4호,청색1호,적색103호의(1),적색218호,적색201호,황색5호,적색202호,황색4호,청색1호,카민"
70,글램 에나멜 틴트,미샤,"정제수,옥틸도데칸올,트라이메틸실록시페닐다이메티콘,변성알코올,아크릴레이트코폴리머,실리카,솔비탄스테아레이트,에틸셀룰로오스,베헤닐알코올,펜틸렌글라이콜,폴리아크릴레이트-13,폴리솔베이트60,폴리아이소부텐,다이아이소스테아릴말레이트,폴리글리세릴-2트라이아이소스테아레이트,하이드로제네이티드폴리데센,폴리글리세릴-2다이아이소스테아레이트,폴리솔베이트20,솔비탄아이소스테아레이트,에틸헥실글리세린,다이소듐이디티에이,페녹시에탄올,향료,적색산화철,적색202호,적색227호,흑색산화철,황색5호,적색218호,적색104호의1,청색1호"
71,팝타스틱 젤리 틴트,미샤,"정제수,부틸렌글라이콜,글리세린,폴리아크릴레이트크로스폴리머-6,꿀추출물,하이드롤라이즈드콜라겐,다이프로필렌글라이콜,암모늄아크릴로일다이메틸타우레이트/브이피코폴리머,피이지-60하이드로제네이티드캐스터오일,다이메티콘,말토덱스트린,스테비오사이드,에틸헥실글리세린,레시틴,폴리메틸실세스퀴옥세인,실리카,12-헥산다이올,페녹시에탄올,향료,황색5호,적색102호,등색205호,적색104호의1"
72,팝 리퀴드 매트 립 컬러+프라이머,클리니크,"아이소도데케인,옥틸도데칸올,하이드로제네이티드폴리데센,하이드로제네이티드스타이렌/아이소프렌코폴리머,다이스테아다이모늄헥토라이트,폴리에틸렌,해바라기씨왁스,토코페롤,토코페릴아세테이트,다이칼슘포스페이트,실리카다이메틸실릴레이트,프로필렌카보네이트,합성플루오르플로고파이트,실리카,틴옥사이드,펜타에리스리틸테트라-다이-t-부틸하이드록시하이드로신나메이트,마이카,티타늄디옥사이드,적색산화철,황색산화철,흑색산화철,적색202호,청색1호,황색4호,망가니즈바이올렛,적색201호,적색218호,황색5호,적색103호의(1),적색226호,카민,비스머스옥시클로라이드,적색104호의1,적색223호,적색227호"
73,원더 스테이 스틱 틴트,아리따움,"에틸헥실아이소노나노에이트,폴리글리세릴-2트라이아이소스테아레이트,하이드로제네이티드폴리아이소부텐,카프릴릭/카프릭트라이글리세라이드,다이에틸헥실말리에이트,카프릴릭/카프릭/미리스틱/스테아릭트라이글리세라이드,세레신,마이크로크리스탈린왁스,폴리에틸렌,티타늄디옥사이드,트라이하이드록시스테아린,하이드로제네이티드식물성오일,적색104호의1,적색산화철,황색산화철,실리카다이메티콘실릴레이트,솔비탄세스퀴올리에이트,페녹시에탄올,12-헥산다이올,향료,카프릴릴글라이콜,프로판다이올,적색218호,팔각회향추출물,아보카도오일"
74,쥬시 래스팅 틴트,롬앤,"정제수,옥틸도데칸올,다이메티콘,변성알코올,아크릴레이트코폴리머,솔비탄스테아레이트,에틸셀룰로오스,베헤닐알코올,펜틸렌글라이콜,키위추출물,파파야열매추출물,자몽추출물,코코넛추출물,망고추출물,구아바열매추출물,폴리솔베이트60,실리카,소듐아크릴레이트/소듐아크릴로일다이메틸타우레이트코폴리머,다이아이소스테아릴말레이트,아이소헥사데칸,폴리글리세릴-2트라이아이소스테아레이트,폴리솔베이트80,솔비탄올리에이트,폴리글리세릴-2다이아이소스테아레이트,에틸헥실글리세린,부틸렌글라이콜,다이소듐이디티에이,페녹시에탄올,향료,티타늄디옥사이드,적색201호,황색4호,황색5호,적색202호"
75,더 퍼스트 벨벳 틴트,머지,"정제수,다이메티콘,폴리글리세릴-2트라이아이소스테아레이트,마이카,아이소도데케인,글리세린,다이메티콘/비닐다이메티콘크로스폴리머,다이메티콘크로스폴리머,실리카,펜틸렌글라이콜,사이클로펜타실록세인,트라이메틸실록시실리케이트,세틸피이지/피피지-10/1다이메티콘,적색102호,적색218호,12-헥산다이올,부틸렌글라이콜,메티콘,스테비오사이드,아이소세테스-20,팔각회향추출물,황금추출물,쉐어버터,마카다미아씨오일,토코페릴아세테이트,로즈마리잎오일,향료"
76,타투 립 틴트,3CE,"정제수,옥틸도데칸올,부틸렌글라이콜,카프릴릭/카프릭트라이글리세라이드,글리세린,에틸셀룰로오스,소듐아크릴레이트/소듐아크릴로일다이메틸타우레이트코폴리머,피이지-60하이드로제네이티드캐스터오일,하이드로제네이티드디데센,다이프로필렌글라이콜,등색205호,펜틸렌글라이콜,세테아릴알코올,하이드록시아세토페논,알코올,페녹시에탄올,적색218호,하이드록시프로필구아,솔비탄스테아레이트,벤조페논-9,라우레스-8,에틸헥실글리세린,다이소듐이디티에이,카프릴릴글라이콜,아르간트리커넬오일,쉐어버터,동백오일,달맞이꽃오일,올리브오일,스위트아몬드오일,살구씨오일,호호바씨오일,망고추출물,로즈힙열매추출물"
77,퍼펙트 립스 쇼킹 립,토니모리,"정제수,옥틸도데칸올,부틸렌글라이콜,카프릴릭/카프릭트라이글리세라이드,글리세린,에틸셀룰로오스,소듐아크릴레이트/소듐아크릴로일다이메틸타우레이트코폴리머,펜틸렌글라이콜,피이지-60하이드로제네이티드캐스터오일,적색218호,하이드로제네이티드디데센,페녹시에탄올,알코올,향료,하이드록시프로필구아,세테아릴알코올,솔비탄스테아레이트,벤조페논-9,라우레스-8,다이소듐이디티에이,카프릴릴글라이콜,아르간트리커넬오일,아스코빅애씨드,쉐어버터,호호바씨오일,토코페릴아세테이트,잇꽃씨추출물,로즈힙열매추출물,하이드롤라이즈드콜라겐,소듐하이알루로네이트"
78,라스트 벨벳 립 틴트2,삐아,"다이메티콘,합성플루오르플로고파이트,다이메티콘/비닐다이메티콘크로스폴리머,다이프로필렌글라이콜,프로필렌글라이콜,정제수,아이소도데케인,폴리글리세릴-2아이소스테아레이트,폴리메틸실세스퀴옥세인,세틸피이지/피피지-10/1다이메티콘,폴리메틸메타크릴레이트,사이클로펜타실록세인,트라이메틸실록시실리케이트,브이피/헥사데센코폴리머,솔비탄세스퀴올리에이트,12-헥산다이올,페녹시에탄올,에틸헥실글리세린,피이지-60하이드로제네이티드캐스터오일,다이스테아다이모늄헥토라이트,팔미틱애씨드,스테아릭애씨드,프로필렌카보네이트,실리카다이메틸실릴레이트,적색104호의1,적색산화철,흑색산화철,황색산화철,티타늄디옥사이드,적색202호,향료"
79,썬더볼 틴트 라커,컬러그램,"정제수,부틸렌글라이콜,암모늄아크릴로일다이메틸타우레이트/브이피코폴리머,로즈마리잎추출물,캐모마일꽃추출물,히비스커스꽃추출물,린덴꽃추출물,다이프로필렌글라이콜,피이지-60하이드로제네이티드캐스터오일,다이메티콘,에틸헥실글리세린,덱스트린,레시틴,스테비오사이드,페녹시에탄올,향료,황색5호,적색227호,적색104호의1"
80,세럼 인 틴트,네이처리퍼블릭,"정제수,옥틸도데칸올,다이메티콘,변성알코올,솔비탄스테아레이트,아크릴레이트코폴리머,에틸셀룰로오스,베헤닐알코올,펜틸렌글라이콜,폴리솔베이트60,라즈베리씨오일/토코페릴석시네이트아미노프로판디올에스터,빌베리씨오일,해바라기씨오일,로즈마리잎추출물,다이아이소스테아릴말레이트,폴리아크릴레이트-13,폴리아이소부텐,폴리글리세릴-2트라이아이소스테아레이트,폴리글리세릴-2다이아이소스테아레이트,폴리솔베이트20,솔비탄아이소스테아레이트,에틸헥실글리세린,다이소듐이디티에이,페녹시에탄올,향료,티타늄디옥사이드,적색202호,적색102호,황색4호,적색산화철,황색산화철,적색227호,황색5호,청색1호"
81,컬러 립 스테인(젤틴트),어퓨,"정제수,부틸렌글라이콜,글리세린,피이지/피피지/폴리부틸렌글라이콜-8/5/3글리세린,다이프로필렌글라이콜,사과씨오일,수레국화꽃수,해수,암모늄아크릴로일다이메틸타우레이트/브이피코폴리머,다이메티콘,폴리아크릴레이트크로스폴리머-6,덱스트린,피이지-60하이드로제네이티드캐스터오일,스테비오사이드,레시틴,에틸헥실글리세린,알루미늄하이드록사이드,암모늄폴리아크릴레이트,페녹시에탄올,향료,황색5호,티타늄디옥사이드,적색102호,적색104호의1,적색227호,황색4호"
82,잉크 더 젤라또,페리페라,"다이메티콘,정제수,다이메티콘/비닐다이메티콘크로스폴리머,사이클로펜타실록세인,글리세린,메틸트라이메티콘,부틸렌글라이콜,세틸피이지/피피지-10/1다이메티콘,펜틸렌글라이콜,폴리글리세릴-2트라이아이소스테아레이트,황색5호,페녹시에탄올,적색227호,다이메티콘크로스폴리머,글리세릴아크릴레이트/아크릴릭애씨드코폴리머,카프릴릴글라이콜,향료,12-헥산다이올,프로판다이올,에틸헥실글리세린,브이피/메타크릴아마이드/비닐이미다졸코폴리머,적색104호의1,실리카다이메틸실릴레이트,팔각회향추출물,세라마이드엔피,망고씨버터,블랙체리나무열매추출물,토코페롤,페닐프로판올"
83,아쿠아 틴티드 루즈,비욘드,"정제수,옥틸도데칸올,글리세린,피토스테릴/아이소스테아릴/세틸/스테아릴/베헤닐다이머디리놀리에이트,세틸알코올,에틸셀룰로오스,변성알코올,폴리솔베이트20,하이드록시프로필구아,하이드록시에틸아크릴레이트/소듐아크릴로일다이메틸타우레이트코폴리머,스쿠알란,덩굴월귤열매추출물,베르가모트열매추출물,라임추출물,장미추출물,안젤리카추출물,캐러웨이열매오일,레몬밤추출물,흰무늬엉겅퀴추출물,캐모마일꽃추출물,레몬추출물,자몽추출물,엔젤스티어추출물,한련초추출물,인도멀구슬나무잎추출물,드럼스틱씨오일,솔비탄스테아레이트,다이아이소스테아릴말레이트,페녹시에탄올,시메티콘,하이드록시에틸셀룰로오스,폴리솔베이트60,카프릴릴글라이콜,향료,벤질알코올,벤질벤조에이트,티타늄디옥사이드,적색104호의1,적색201호,적색227호,적색40호,황색4호,황색5호,청색1호,황색산화철,적색산화철"
84,틴티드 리퀴드 루즈,아이오페,"정제수,옥틸도데칸올,트라이메틸실록시페닐다이메티콘,부틸렌글라이콜,솔비탄스테아레이트,에틸셀룰로오스,세틸알코올,알코올,폴리솔베이트60,메톡시피이지-114/폴리엡실론카프롤락톤,향료,폴리아크릴레이트-13,하이드록시에틸아크릴레이트/소듐아크릴로일다이메틸타우레이트코폴리머,티타늄디옥사이드,폴리아이소부텐,적색102호,등색205호,에틸헥실글리세린,데하이드로아세틱애씨드,폴리솔베이트20,실리카,적색227호,알루미나"
85,잉크 더 에어리 벨벳,페리페라,"다이메티콘,사이클로펜타실록세인,다이메티콘크로스폴리머,사이클로헥사실록세인,폴리글리세릴-2트라이아이소스테아레이트,황색5호,12-헥산다이올,적색104호의1,사이클로테트라실록세인,페녹시에탄올,향료,토코페릴아세테이트,적색218호,녹차씨오일,목화씨오일,망고씨오일"
86,"프로:뷰티 에나멜 볼립 틴트 (파일명:""프로 뷰티 에나멜 볼립 틴트)",홀리카홀리카,"다이아이소스테아릴말레이트,옥틸도데실네오펜타노에이트,카프릴릭/카프릭트라이글리세라이드,트라이메틸실록시페닐다이메티콘,하이드로제네이티드폴리아이소부텐,다이머디리놀레일다이머디리놀리에이트,비스-다이글리세릴폴리아실아디페이트-2,트라이데실트라이멜리테이트,하이드로제네이티드캐스터오일아이소스테아레이트,하이드로제네이티드캐스터오일다이머디리놀리에이트,실리카,폴리C10-30알킬아크릴레이트,폴리글리세릴-6폴리리시놀리에이트,달맞이꽃오일,망고추출물,복숭아추출물,아르간트리커넬오일,글리세릴카프릴레이트,카프릴릴글라이콜,펜타에리스리틸테트라-다이-t-부틸하이드록시하이드로신나메이트,향료,황색5호,적색202호,적색201호,적색104호의1,흑색산화철,적색산화철,적색218호"
87,롱웨어 잉크 틴트,더샘,"정제수,옥틸도데칸올,트라이메틸실록시페닐다이메티콘,변성알코올,다이펜타에리스리틸테트라하이드록시스테아레이트/테트라아이소스테아레이트,솔비탄스테아레이트,에틸셀룰로오스,베헤닐알코올,글리세린,아크릴레이트코폴리머,스위트아몬드오일,펜틸렌글라이콜,폴리솔베이트60,다이아이소스테아릴말레이트,폴리아크릴레이트-13,하이드록시프로필구아,폴리글리세릴-2트라이아이소스테아레이트,폴리아이소부텐,폴리솔베이트20,솔비탄아이소스테아레이트,폴리글리세릴-2다이아이소스테아레이트,카프릴릴글라이콜,에틸헥실글리세린,폴리메틸실세스퀴옥세인,하이드롤라이즈드하이알루로닉애씨드,에틸헥실팔미테이트,실리카,실리카다이메틸실릴레이트,부틸렌글라이콜,소듐하이알루로네이트,헥실렌글라이콜,다이소듐이디티에이,페녹시에탄올,향료,티타늄디옥사이드,황색5호,적색104호의1,적색202호,적색218호,적색227호"
88,물방울 틴트 밤,홀리카홀리카,"정제수,부틸렌글라이콜,마이카,소듐스테아레이트,비스-피이지-18메틸에터다이메틸실레인,펜틸렌글라이콜,글리세린,솔비탄아이소스테아레이트,메톡시피이지-18,적색102호,폴리솔베이트60,소듐클로라이드,다이메티콘,페녹시에탄올,하이드록시에틸셀룰로오스,향료,적색2호,황색5호,소듐아세테이트,황색4호,청색1호,비에이치티,셀룰로오스,쉐어버터,토코페릴아세테이트,녹차추출물,유자추출물,꿀추출물,복숭아추출물,에틸헥실글리세린"
89,비비드 크리미 틴트,이니스프리,"정제수,옥틸도데칸올,부틸렌글라이콜,다이펜타에리스리틸헥사하이드록시스테아레이트/헥사스테아레이트/헥사로지네이트,올레익/리놀레익/리놀레닉폴리글리세라이드,글리세릴스테아레이트시트레이트,솔비탄스테아레이트,티타늄디옥사이드,하이드록시에틸아크릴레이트/소듐아크릴로일다이메틸타우레이트코폴리머,폴리글리세릴-2트라이아이소스테아레이트,트라이메틸실록시페닐다이메티콘,카프릴릴메티콘,하이드로제네이티드식물성오일,에틸셀룰로오스,페녹시에탄올,피이지-12다이메티콘/피피지-20크로스폴리머,황색5호,적색201호,소듐라우로일글루타메이트,향료,카프릴릴글라이콜,아크릴레이트코폴리머,12-헥산다이올,적색산화철,트로메타민,프로판다이올,적색104호의1,흑색산화철,에틸헥실글리세린,팔각회향추출물,청색1호,라벤더꽃수,동백꽃추출물,올리브잎오일,캐모마일꽃추출물"
90,워터 볼륨 틴트,미샤,"정제수,옥틸도데칸올,글리세린,폴리글리세릴-2다이폴리하이드록시스테아레이트,폴리글리세릴-2트라이아이소스테아레이트,비스-피이지-15다이메티콘/아이피디아이코폴리머,에틸셀룰로오스,하이드록시에틸아크릴레이트/소듐아크릴로일다이메틸타우레이트코폴리머,부틸렌글라이콜,세테아릴알코올,동백오일,마카다미아씨오일,오일팜오일,해바라기씨오일,하이드롤라이즈드삼색제비꽃추출물,소듐스테아로일글루타메이트,펜틸렌글라이콜,티타늄디옥사이드,하이드록시프로필구아,에틸헥실글리세린,스테비오사이드,시트릭애씨드,데하이드로아세틱애씨드,소듐시트레이트,옥탄다이올,세라마이드엔피,피토스핑고신,향료,페녹시에탄올,황색5호,적색산화철,적색104호의1,적색227호,청색1호"
91,컬러 립 스테인(벨벳틴트),어퓨,"사이클로펜타실록세인,정제수,마이카,트라이메틸실록시실리케이트,아이소트라이데실아이소노나노에이트,글리세린,사이클로헥사실록세인,다이메티콘크로스폴리머,실리카,피이지-10다이메티콘,펜틸렌글라이콜,라우릴피이지-9폴리다이메틸실록시에틸다이메티콘,폴리글리세릴-2트라이아이소스테아레이트,다이아이소스테아릴말레이트,사과씨오일,수레국화꽃수,다이스테아다이모늄헥토라이트,카나우바왁스,실리카실릴레이트,폴리글리세릴-2다이아이소스테아레이트,글리세릴아크릴레이트/아크릴릭애씨드코폴리머,트라이에톡시카프릴릴실레인,세테아레스-20,에틸헥실글리세린,12-헥산다이올,스테아레스-100,카프릴릴글라이콜,헥실렌글라이콜,토코페롤,부틸렌글라이콜,페녹시에탄올,향료,티타늄디옥사이드,황색5호,적색산화철,적색104호의1,적색202호"
92,엑스퍼트 컬러 립 큐브 플루이드 워터,VDL,"정제수,옥틸도데칸올,글리세린,피토스테릴/아이소스테아릴/세틸/스테아릴/베헤닐다이머디리놀리에이트,세틸알코올,에틸셀룰로오스,폴리솔베이트20,폴리아크릴레이트크로스폴리머-6,하이드록시프로필구아,12-헥산다이올,변성알코올,아크릴레이트코폴리머,솔비탄스테아레이트,폴리솔베이트60,하이드록시에틸셀룰로오스,다이아이소스테아릴말레이트,수크랄로오스,시메티콘,페녹시에탄올,카프릴릴글라이콜,에틸헥실글리세린,향료,적색227호,적색104호의1,적색40호,황색4호,황색5호,적색201호,적색202호,황색산화철,티타늄디옥사이드"
93,컬러 졸트 페인트 틴트 매트,메이블린 뉴욕,"트라이메틸실록시페닐다이메티콘,옥틸도데칸올,아크릴릭애씨드/아이소부틸아크릴레이트/아이소보닐아크릴레이트코폴리머,아이소도데케인,폴리부텐,스쿠알란,실리카다이메틸실릴레이트,옥틸도데실네오펜타노에이트,실리카,카프릴릴글라이콜,카프릴릭/카프릭글리세라이드,향료,리모넨,알루미나,토코페릴아세테이트,알루미늄하이드록사이드,시트랄,리날룰,티타늄디옥사이드,적색103호의(1),적색218호,황색5호,적색산화철,흑색산화철,적색202호,황색4호,청색1호"
94,홀리데이 트윙클 스노윙틴트,더페이스샵,"정제수,부틸렌글라이콜,글리세린,암모늄아크릴로일다이메틸타우레이트/브이피코폴리머,폴리아크릴레이트크로스폴리머-6,상백피추출물,라즈베리추출물,블루베리추출물,오렌지추출물,다이프로필렌글라이콜,피이지-60하이드로제네이티드캐스터오일,다이메티콘,합성플루오르플로고파이트,덱스트린,스테비오사이드,에틸헥실글리세린,레시틴,프로필렌글라이콜,틴옥사이드,페녹시에탄올,향료,적색102호,적색227호,티타늄디옥사이드,황색5호"
95,틴트 글로우,에스쁘아,"다이아이소스테아릴말레이트,카프릴릭/카프릭트라이글리세라이드,카프릴릭/카프릭/미리스틱/스테아릭트라이글리세라이드,하이드로제네이티드캐스터오일다이머디리놀리에이트,비스-다이글리세릴폴리아실아디페이트-2,쉐어버터,오조케라이트,피토스테릴/아이소스테아릴/세틸/스테아릴/베헤닐다이머디리놀리에이트,폴리에틸렌,아크릴레이트/스테아릴아크릴레이트/다이메티콘메타크릴레이트코폴리머,세레신,마이크로크리스탈린왁스,폴리부텐,토코페릴아세테이트,수크로오스테트라스테아레이트트라이아세테이트,폴리글리세릴-2트라이아이소스테아레이트,향료,황색5호,적색202호,적색218호,자몽추출물,카카오씨버터,로즈힙열매오일,꿀추출물,부틸렌글라이콜"
96,투 키세스 듀얼 틴트,바닐라코,"정제수,에틸헥실팔미테이트,부틸렌글라이콜,글리세린,펜틸렌글라이콜,하이드록시에틸아크릴레이트/소듐아크릴로일다이메틸타우레이트코폴리머,스쿠알란,캐모마일꽃추출물,히비스커스꽃추출물,망고추출물,린덴꽃추출물,소르비톨,에틸헥실메톡시신나메이트,폴리솔베이트60,다이펜타에리스리틸헥사C5-9애씨드에스터,에틸헥실글리세린,솔비탄아이소스테아레이트,테트라소듐이디티에이,폴리메틸실세스퀴옥세인,실리카,다이소듐이디티에이,페녹시에탄올,향료,적색102호,적색202호,황색5호,티타늄디옥사이드"
97,수분 톡 틴트,웨이크메이크,"다이메티콘,페닐트라이메티콘,적색202호,황색5호,폴리에틸렌,하이드로제네이티드폴리아이소부텐,옥틸도데칸올,다이페닐다이메티콘,C30-45알킬다이메틸실릴폴리프로필실세스퀴옥세인,아이소스테아릴아이소스테아레이트,적색104호의1,다이메티콘/비닐다이메티콘크로스폴리머,페닐프로필다이메틸실록시실리케이트,마이크로크리스탈린왁스,12-헥산다이올,세틸피이지/피피지-10/1다이메티콘,다이스테아다이모늄헥토라이트,실리카,폴리글리세릴-2트라이아이소스테아레이트,시메티콘,적색218호,페녹시에탄올,프로필렌카보네이트,향료,카프릴릭/카프릭트라이글리세라이드,로즈힙열매추출물,장미추출물,망고추출물,사과추출물"
98,베이비페이스 아쿠아젤 틴트,이츠스킨,"정제수,글리세린,트레할로오스,로얄젤리추출물,블랙베리추출물,서양장미꽃수,딸기추출물,레몬추출물,키위추출물,녹두추출물,복숭아추출물,사과추출물,살구추출물,카보머,트라이에탄올아민,폴리솔베이트20,적색40호,소듐폴리아크릴레이트,카프릴릴글라이콜,에틸헥실스테아레이트,에틸헥실글리세린,적색227호,다이소듐이디티에이,트라이데세스-6,향료"
99,엔젤 키스 틴트,아리따움,"다이메티콘,정제수,사이클로펜타실록세인,다이메티콘/비닐다이메티콘크로스폴리머,메틸트라이메티콘,세틸피이지/피피지-10/1다이메티콘,아이소도데케인,부틸렌글라이콜,트라이메틸실록시실리케이트/다이메티콘크로스폴리머,글리세린,폴리글리세릴-2트라이아이소스테아레이트,페녹시에탄올,카프릴릴메티콘,브이피/메타크릴아마이드/비닐이미다졸코폴리머,카프릴릴글라이콜,12-헥산다이올,폴리솔베이트20,프로판다이올,황색5호,향료,황색4호,글리세릴아크릴레이트/아크릴릭애씨드코폴리머,적색227호,실리카다이메틸실릴레이트,적색223호,팔각회향추출물,토코페롤,페닐프로판올,쉐어버터,청색1호,하이드로제네이티드식물성오일"
100,샘물 콕콕 쿠션 틴트,더샘,"아이소노닐아이소노나노에이트,페닐트라이메티콘,실리카,비스-다이글리세릴폴리아실아디페이트-2,오조케라이트,다이메티콘,카프릴릭/카프릭트라이글리세라이드,호호바에스터,폴리글리세릴-2트라이아이소스테아레이트,다이아이소스테아릴말레이트,하이드로제네이티드폴리아이소부텐,비닐다이메티콘/메티콘실세스퀴옥세인크로스폴리머,폴리에틸렌,카올린,트라이데실트라이멜리테이트,다이메티콘크로스폴리머,쉐어버터,토코페릴아세테이트,향료,카프릴릴글라이콜,페녹시에탄올,망고씨버터,아르간트리커넬오일,펜타에리스리틸테트라-다이-t-부틸하이드록시하이드로신나메이트,헥실렌글라이콜,황색4호,티타늄디옥사이드,적색산화철,적색202호,청색1호,황색산화철"