번호,제품명,브랜드명,성분구성,지성피부,건성피부,민감성피부,기능성 성분,
1,프리미엄 선 프로텍션 크림 SPF50+ PA+++,A24,"알로에베라잎추출물,징크옥사이드,티타늄디옥사이드,에틸헥실메톡시신나메이트,달맞이꽃오일,글리세린,해바라기씨오일,프로필렌글라이콜,솔비탄세스퀴올리에이트,아이소노닐아이소노나노에이트,쉐어버터,알부틴,귀리잎추출물,포도추출물,병풀추출물,자몽추출물,잇꽃씨오일,버지니아풍년화추출물,스테아릭애씨드,호호바씨오일,참깨오일,다이스테아다이모늄헥토라이트,당근추출물,녹차추출물,사과추출물,토코페릴아세테이트,라벤더오일,키위씨오일,곤포추출물,로우스위트블루베리추출물,아데노신",,,,,
2,UV 릴리프 모이스처라이저 SPF50+ PA++++,비레머디스,"정제수,부틸렌글라이콜,글리세린,다이카프릴릴카보네이트,디부틸아디페이트,디에칠아미노하이드록시벤조일헥실벤조에이트,하이드로제네이티드폴리아이소부텐,쇠비름추출물,12-헥산다이올,나이아신아마이드,에칠헥실트리아존,폴리글리세릴-3메틸글루코오스다이스테아레이트,실리카,세테아릴올리베이트,소듐하이알루로네이트,아데노신,보검선인장씨오일,오렌지껍질오일,라벤더오일,캐모마일꽃오일,바오밥나무씨오일,흰버드나무껍질추출물,락토바실러스/콩발효추출물,오레가노잎추출물,실론시나몬추출물,황금추출물,편백잎추출물,마시멜로뿌리추출물,약모밀추출물,에델바이스추출물,쟈스민추출물,참나리추출물,레몬추출물,세테아릴알코올,솔비탄올리베이트,글리세릴스테아레이트에스이,메틸글루코오스세스퀴스테아레이트,솔비탄스테아레이트,다이소듐이디티에이",,,,,
3,유브이 디펜스 미 블루 레이 선 플루이드 SPF50+ PA++++,메이크프렘,"정제수,사이클로메티콘,징크옥사이드,프로판다이올,티타늄디옥사이드,다이카프릴릴카보네이트,폴리글리세릴-3폴리다이메틸실록시에틸다이메티콘,세틸에틸헥사노에이트,12-헥산다이올,다이스테아다이모늄헥토라이트,마그네슘설페이트,치아씨추출물,병풀추출물,약모밀추출물,하이드로젠다이메티콘,알루미늄하이드록사이드,폴리글리세릴-2다이폴리하이드록시스테아레이트,스테아릭애씨드,다이메티콘크로스폴리머,페닐트라이메티콘,프룩토올리고사카라이드,사카라이드하이드롤리세이트,풀루란,베르가모트오일,에틸헥실글리세린,옥틸도데칸올,세이지오일,만주자작나무수액,다이프로필렌글라이콜,에키움플란타기네움씨오일,자일리틸글루코사이드,소듐팔미토일프롤린,함경딸기캘러스추출물,안하이드로자일리톨,자일리톨,알바수련꽃추출물,부틸렌글라이콜,풍선덩굴꽃/잎/덩굴추출물,해바라기씨오일불검화물,글루코오스,토코페롤,소듐하이알루로네이트",,,,,
4,마일드 포뮬라 데일리 선스크린 SPF50+ PA+++(수분더한노란자차),UV랩,"정제수,에틸헥실메톡시신나메이트,에틸헥실팔미테이트,에칠헥실살리실레이트,티타늄디옥사이드,부틸옥틸살리실레이트,프로판다이올,디에칠아미노하이드록시벤조일헥실벤조에이트,글리세린,네오펜틸글라이콜다이헵타노에이트,옥토크릴렌,세테아릴알코올,금은화추출물,인동덩굴꽃추출물,글리세릴스테아레이트,펜틸렌글라이콜,폴리솔베이트60,아크릴레이트코폴리머,메틸메타크릴레이트크로스폴리머,폴리메틸실세스퀴옥세인,실리카,솔비탄세스퀴올리에이트,알루미늄하이드록사이드,트로메타민,스테아릭애씨드,하이드록시아세토페논,카프릴릴글라이콜,잔탄검,다이소듐이디티에이",,,,,
5,레이저 썬스크린 100 SPF50+ PA+++,셀퓨전씨,"정제수,사이클로펜타실록세인,에틸헥실메톡시신나메이트,부틸렌글라이콜,에칠헥실살리실레이트,징크옥사이드,다이카프릴릴카보네이트,다이프로필렌글라이콜,티타늄디옥사이드,라우릴피이지-8다이메티콘,피이지-10다이메티콘,다이메티콘,다이스테아다이모늄헥토라이트,토코페릴아세테이트,마그네슘설페이트,다이메티콘/비닐다이메티콘크로스폴리머,페닐트라이메티콘,알루미늄하이드록사이드,알루미늄스테아레이트,메티콘,폴리글리세릴-6폴리리시놀리에이트,글리세릴카프릴레이트,카프릴릴글라이콜,다이소듐이디티에이,유비퀴논,하이드롤라이즈드콜라겐,아세틸헥사펩타이드-8,향료,페녹시에탄올",,,,,
6,UV 아쿠아 리치 워터리 에센스 SPF50+ PA++++,비오레,"정제수,알코올,에칠헥실메톡시신나메이트,라우릴메타크릴레이트/소듐메타크릴레이트크로스폴리머,C12-15알킬벤조에이트,비스-에칠헥실옥시페놀메톡시페닐트리아진,디에칠아미노하이드록시벤조일헥실벤조에이트,다이메티콘,에칠헥실트리아존,실리카다이메틸실릴레이트,다이프로필렌글라이콜,자일리톨,덱스트린팔미테이트,아크릴레이트/C10-30알킬아크릴레이트크로스폴리머,다이메티콘/비닐다이메티콘크로스폴리머,폴리실리콘-9,글리세릴스테아레이트,아미노메틸프로판올,비닐다이메티콘/메티콘실세스퀴옥세인크로스폴리머,아가,이소세테스-20,C30-45알킬메치콘,폴리비닐알코올,C30-45올레핀,소듐하이드록사이드,부틸렌글라이콜,프로필렌글라이콜,소듐하이알루로네이트,로얄젤리추출물,오렌지추출물,자몽추출물,레몬추출물,페녹시에탄올,다이소듐이디티에이,비에이치티,향료",,,,,
7,슈퍼푸드 블루베리 리밸런싱 워터리 선크림 SPF37 PA+++,이니스프리,"정제수,프로판다이올,티타늄디옥사이드,페닐트라이메티콘,다이카프릴릴카보네이트,메틸프로판다이올,사이클로메티콘,피피지-14부틸에텔,글리세레스-26,펜틸렌글라이콜,메칠트리메치콘,로우스위트블루베리추출물,치아씨추출물,병풀추출물,약모밀추출물,베타인,트레할로오스,소듐하이알루로네이트,프룩토올리고사카라이드,사카라이드하이드롤리세이트,호호바씨오일,스쿠알란,라벤더오일,오렌지껍질오일,폴리글리세릴-2카프레이트,메틸메타크릴레이트크로스폴리머,부틸렌글라이콜,수크로오스스테아레이트,셀룰로오스검,하이드록시프로필메틸셀룰로오스,세틸하이드록시에칠셀룰로오스,스테아릭애씨드,알루미나,풀루란,12-헥산다이올,글리세릴카프릴레이트,아크릴레이트/C10-30알킬아크릴레이트크로스폴리머,에틸헥실글리세린,트로메타민,C12-15알킬벤조에이트,알루미늄스테아레이트,폴리하이드록시스테아릭애씨드",,,,,
8,365 안심 선크림 SPF50+ PA++++,라운드랩,"정제수,사이클로메티콘,징크옥사이드,티타늄디옥사이드,프로판다이올,폴리글리세릴-3폴리다이메틸실록시에틸다이메티콘,디부틸아디페이트,카프릴릴메티콘,12-헥산다이올,다이스테아다이모늄헥토라이트,마그네슘설페이트,하이드로젠다이메티콘,알루미늄하이드록사이드,치아씨추출물,C30-45알킬세테아릴다이메티콘크로스폴리머,병풀추출물,약모밀추출물,폴리글리세릴-2다이폴리하이드록시스테아레이트,스테아릭애씨드,프룩토올리고사카라이드,사카라이드하이드롤리세이트,베르가모트오일,해바라기씨오일,에틸헥실글리세린,풀루란,옥틸도데칸올,센티드제라늄꽃오일,판테놀,다마스크장미꽃오일,에키움플란타기네움씨오일,풍선덩굴꽃/잎/덩굴추출물,해바라기씨오일불검화물,부틸렌글라이콜,카프릴릭/카프릭트라이글리세라이드,토코페롤,포스파티딜콜린,세라마이드엔피,글라이신,글루타믹애씨드,세린,라이신,알라닌,알지닌,트레오닌",,,,,
9,어반 쉐이드 안티폴루션 선 SPF50 PA+++,듀이트리,"정제수,사이클로메티콘,징크옥사이드,프로판다이올,티타늄디옥사이드,폴리글리세릴-3폴리다이메틸실록시에틸다이메티콘,다이카프릴릴카보네이트,칼라민,카프릴릴메티콘,12-헥산다이올,잇꽃씨오일,쓴박하추출물,바이오사카라이드검-4,마리골드꽃추출물,마그네슘설페이트,다이스테아다이모늄헥토라이트,치아씨추출물,병풀추출물,약모밀추출물,하이드로젠다이메티콘,알루미늄하이드록사이드,C30-45알킬세테아릴다이메티콘크로스폴리머,폴리글리세릴-2다이폴리하이드록시스테아레이트,스테아릭애씨드,프룩토올리고사카라이드,사카라이드하이드롤리세이트,베르가모트오일,해바라기씨오일,오렌지껍질오일,풀루란,올리브오일,에틸헥실글리세린,옥틸도데칸올,센티드제라늄꽃오일,라벤더오일,다마스크장미꽃오일,에키움플란타기네움씨오일,글리세린,바질오일,풍선덩굴꽃/잎/덩굴추출물,해바라기씨오일불검화물,시트릭애씨드,토코페롤",,,,,
10,유비데아 XL 내츄럴 크림(유비데아엑스엘멜트인크림) SPF50 PA+++,라로슈포제,"정제수,에틸헥실메톡시신나메이트,드로메트리졸트리실록산,글리세린,프로필렌글라이콜,다이메티콘,티타늄디옥사이드,펜틸렌글라이콜,변성알코올,테레프탈릴리덴디캠퍼설포닉애씨드,디에칠아미노하이드록시벤조일헥실벤조에이트,트라이에탄올아민,비스-에칠헥실옥시페놀메톡시페닐트리아진,스테아릭애씨드,포타슘세틸포스페이트,팔미틱애씨드,글리세릴스테아레이트,피이지-100스테아레이트,세틸알코올,페녹시에탄올,카보머,알루미늄하이드록사이드,트로메타민,소듐코코일사코시네이트,카프릴릴글라이콜,부틸렌글라이콜,토코페롤,잔탄검,다이소듐이디티에이,쉐어버터씨드케이크추출물",,,,,
11,그린 마일드 업 선 SPF50+ PA++++,닥터지,"정제수,사이클로메티콘,징크옥사이드,프로판다이올,티타늄디옥사이드,다이카프릴릴카보네이트,폴리글리세릴-3폴리다이메틸실록시에틸다이메티콘,세틸에틸헥사노에이트,12-헥산다이올,다이스테아다이모늄헥토라이트,마그네슘설페이트,치아씨추출물,병풀추출물,약모밀추출물,하이드로젠다이메티콘,알루미늄하이드록사이드,폴리글리세릴-2다이폴리하이드록시스테아레이트,스테아릭애씨드,다이메티콘크로스폴리머,페닐트라이메티콘,프룩토올리고사카라이드,사카라이드하이드롤리세이트,풀루란,베르가모트오일,해바라기씨오일,에틸헥실글리세린,옥틸도데칸올,센티드제라늄꽃오일,잇꽃씨오일,쓴박하추출물,다마스크장미꽃오일,에키움플란타기네움씨오일,하이드로제네이티드레시틴,올리브오일불검화물,세테아릴알코올,콩오일불검화물,밀배아오일불검화물,글리세린,마리골드꽃추출물,풍선덩굴꽃/잎/덩굴추출물,화분추출물,해바라기씨오일불검화물,프랑스해안송껍질추출물,바이오사카라이드검-4,콜레스테롤,피토스핑고신,세라마이드이오피,세라마이드엔에스,세라마이드엔피,세라마이드에이피,시트릭애씨드,토코페롤",,,,,
12,유브이 디펜스 미 블루 레이 선크림 SPF50+ PA++++,메이크프렘,"정제수,사이클로메티콘,징크옥사이드,티타늄디옥사이드,프로판다이올,폴리글리세릴-3폴리다이메틸실록시에틸다이메티콘,디부틸아디페이트,카프릴릴메티콘,12-헥산다이올,다이스테아다이모늄헥토라이트,마그네슘설페이트,하이드로젠다이메티콘,알루미늄하이드록사이드,C30-45알킬세테아릴다이메티콘크로스폴리머,폴리글리세릴-2다이폴리하이드록시스테아레이트,스테아릭애씨드,프룩토올리고사카라이드,사카라이드하이드롤리세이트,베르가모트오일,에틸헥실글리세린,풀루란,옥틸도데칸올,병풀추출물,약모밀추출물,치아씨추출물,세이지오일,자작나무수액,다이프로필렌글라이콜,에키움플란타기네움씨오일,자일리틸글루코사이드,소듐팔미토일프롤린,안하이드로자일리톨,자일리톨,알바수련꽃추출물,부틸렌글라이콜,풍선덩굴꽃/잎/덩굴추출물,해바라기씨오일불검화물,글루코오스,토코페롤",,,,,
13,리지스트 슈퍼 라이트 선스크린 SPF30,폴라초이스,"정제수,사이클로펜타실록세인,징크옥사이드,피이지-12다이메티콘,피이지/피피지-18/18다이메티콘,라우로일라이신,소듐클로라이드,트라이하이드록시스테아린,다이메티콘크로스폴리머,레스베라트롤,쿼세틴,에피갈로카테킨갈레이트,토코페릴아세테이트,테트라헥실데실아스코베이트,아데노신,알파-비사보롤,흰버드나무껍질추출물,석류나무추출물,헤마토코쿠스 플루비알리스추출물,하이드롤라이즈드옥수수전분,폴리솔베이트80,하이드레이티드실리카,트라이에톡시카프릴릴실레인,C12-15알킬벤조에이트,아이소프로필티타늄트라이아이소스테아레이트,카프릴릴글라이콜,헥실렌글라이콜,에틸헥실글리세린,황색산화철,적색산화철,흑색산화철,페녹시에탄올",,,,,
14,엔조이 마일드 썬 에센스 SPF50+ PA+++,싸이닉,"정제수,에틸헥실메톡시신나메이트,에칠헥실살리실레이트,부틸렌글라이콜,디에칠아미노하이드록시벤조일헥실벤조에이트,메틸메타크릴레이트크로스폴리머,C12-15알킬벤조에이트,나이아신아마이드,페닐벤즈이미다졸설포닉애씨드,세테아릴알코올,글리세릴스테아레이트,세테아릴올리베이트,비스-에칠헥실옥시페놀메톡시페닐트리아진,캐모마일꽃수,알로에베라잎추출물,레몬그라스추출물,로즈마리잎추출물,라벤더꽃수,큰잎유럽피나무꽃추출물,감국꽃추출물,녹차추출물,쑥잎추출물,실론시나몬추출물,감나무잎추출물,오디추출물,칡뿌리추출물,소듐하이알루로네이트,솔비탄올리베이트,폴리솔베이트60,폴리아크릴레이트-13,다이메티콘,폴리아이소부텐,소듐하이드록사이드,솔비탄스테아레이트,피이지-100스테아레이트,폴리솔베이트20,솔비탄아이소스테아레이트,아데노신,다이소듐이디티에이,카프릴릴글라이콜,에틸헥실글리세린,12-헥산다이올,향료",,,,,
15,워터 스플래쉬 선크림 SPF50+ PA+++,에스쁘아,"정제수,부틸렌글라이콜,C12-15알킬벤조에이트,에틸헥실메톡시신나메이트,티타늄디옥사이드,비스-에칠헥실옥시페놀메톡시페닐트리아진,디에칠아미노하이드록시벤조일헥실벤조에이트,사이클로펜타실록세인,실리카,사이클로헥사실록세인,토코페릴아세테이트,마시멜로뿌리추출물,라벤더추출물,캐모마일꽃추출물,병풀추출물,레몬버베나잎추출물,알로에베라잎추출물,마그네슘아스파테이트,징크글루코네이트,칼슘글루코네이트,카퍼글루코네이트,페닐트라이메티콘,알루미늄스테아레이트,폴리아크릴레이트-13,폴리하이드록시스테아릭애씨드,알루미나,폴리아이소부텐,스테아릭애씨드,글리세릴카프릴레이트,카보머,에틸헥실글리세린,폴리솔베이트20,다이소듐이디티에이,페녹시에탄올,적색산화철,황색산화철,향료",,,,,
16,브라이트닝 업 선 SPF50+ PA+++,닥터지,"정제수,사이클로펜타실록세인,에틸헥실메톡시신나메이트,사이클로헥사실록세인,징크옥사이드,에칠헥실살리실레이트,부틸렌글라이콜,메틸메타크릴레이트크로스폴리머,티타늄디옥사이드,라우릴피이지-9폴리다이메틸실록시에틸다이메티콘,다이프로필렌글라이콜,에틸헥실팔미테이트,다이메티콘/비닐다이메티콘크로스폴리머,카프릴릴메티콘,세틸피이지,다이메티콘,폴리메틸실세스퀴옥세인,마그네슘설페이트,다이스테아다이모늄헥토라이트,비닐다이메티콘/메티콘실세스퀴옥세인크로스폴리머,C30-45알킬세테아릴다이메티콘크로스폴리머,알루미늄하이드록사이드,스테아릭애씨드,카프릴릴글라이콜,글리세릴카프릴레이트,황색산화철,다이소듐이디티에이,적색산화철,캐모마일꽃수,버지니아풍년화수,미네랄워터,녹차수,카프릴릭/카프릭트라이글리세라이드,알로에베라잎추출물,병풀잎수,판테놀,바이오사카라이드검-4,글리세린,트라이에톡시카프릴릴실레인,하이드로제네이티드포스파티딜콜린,프로필렌글라이콜,알코올,포도씨오일,소듐팔미토일프롤린,세라마이드엔피,토코페롤,감나무잎추출물,펜틸렌글라이콜,콜레스테롤,12-헥산다이올,알바수련꽃추출물,파인껍질추출물,소듐하이알루로네이트에틸헥산다이올,벤질알코올,포트마리골드꽃추출물,쉐어버터씨드케이크추출물,소듐폴리아크릴레이트,서양송악잎,해바라기씨추출물,피이지-8,피피지-1-피이지-9라우릴글라이콜에텔,파이틱애씨드,쇠비름추출물,테르무스테르모필루스발효물,데하이드로아세틱애씨드,향료",,,,,
17,수분 촉촉 데일리 선로션 SPF30 PA++,닥터아토,"정제수,에틸헥실메톡시신나메이트,글리세린,부틸렌글라이콜,베헤닐알코올,에칠헥실살리실레이트,C12-15알킬벤조에이트,쉐어버터,에키움플란타기네움씨오일,브델리아추출물,선백리향추출물,풍선덩굴꽃/잎/덩굴추출물,디에칠아미노하이드록시벤조일헥실벤조에이트,펜틸렌글라이콜,다이프로필렌글라이콜다이벤조에이트,메틸메타크릴레이트크로스폴리머,카프릴릴글라이콜,트로메타민,젤란검,피피지-15스테아릴에텔벤조에이트,데하이드로잔탄검,해바라기씨오일불검화물,옥틸도데칸올,토코페롤,카보머,다이소듐이디티에이,향료",,,,,
18,산소수 라이트 선 젤 SPF50+ PA++++,식물나라,"정제수,알코올,에칠헥실살리실레이트,호모살레이트,사이클로펜타실록세인,디부틸아디페이트,다이프로필렌글라이콜,비스-에칠헥실옥시페놀메톡시페닐트리아진,메틸렌비스-벤조트리아졸릴테트라메틸부틸페놀,폴리실리콘-15,디에칠아미노하이드록시벤조일헥실벤조에이트,부틸렌글라이콜,메틸메타크릴레이트크로스폴리머,겨우살이잎추출물,쇠비름추출물,병풀추출물,선인장줄기추출물,알로에베라잎추출물,로즈오브예리코추출물,스타이렌/아크릴레이트코폴리머,세테스-10,트로메타민,데실글루코사이드,아크릴레이트/C10-30알킬아크릴레이트크로스폴리머,카보머,프로판다이올,펜틸렌글라이콜,다이메티콘/비닐다이메티콘크로스폴리머,세틸피이지,12-헥산다이올,프로필렌글라이콜,잔탄검,에틸헥실글리세린,카프릴릴글라이콜,산소,향료,페녹시에탄올",,,,,
19,장조지롱 선블록 SPF50+ PA+++,투쿨포스쿨,"정제수,사이클로펜타실록세인,에틸헥실메톡시신나메이트,다이프로필렌글라이콜,에칠헥실살리실레이트,징크옥사이드,사이클로메티콘,피이지-10다이메티콘,티타늄디옥사이드,나이아신아마이드,폴리메틸실세스퀴옥세인,폴리실리콘-11,다이메티콘,다이카프릴릴카보네이트,마이카,다이메티콘/비닐다이메티콘크로스폴리머,다이스테아다이모늄헥토라이트,알로에베라잎즙,오리스뿌리추출물,마그네슘설페이트,메틸메타크릴레이트크로스폴리머,칼슘알루미늄보로실리케이트,알루미늄하이드록사이드,알루미늄스테아레이트,메티콘,글리세릴카프릴레이트,카프릴릴글라이콜,폴리글리세릴-6폴리리시놀리에이트,트라이에톡시카프릴릴실레인,아데노신,라우레스-12,에틸헥실글리세린,향료,페녹시에탄올,황색산화철,적색산화철,흑색산화철",,,,,
20,울트라 라이트 데일리 UV 디펜스 선스크린 SPF50 PA++++,키엘,"정제수,에틸헥실메톡시신나메이트,다이메티콘,글리세린,드로메트리졸트리실록산,테레프탈릴리덴디캠퍼설포닉애씨드,프로필렌글라이콜,티타늄디옥사이드,변성알코올,트라이에탄올아민,스테아릭애씨드,포타슘세틸포스페이트,나일론-12,팔미틱애씨드,피이지-100스테아레이트,글리세릴스테아레이트,페녹시에탄올,세틸알코올,셀룰로오스,비스-에칠헥실옥시페놀메톡시페닐트리아진,디에칠아미노하이드록시벤조일헥실벤조에이트,시트릭애씨드,알루미늄하이드록사이드,카프릴릴글라이콜,소듐코코일사코시네이트,카보머,토코페롤,트로메타민,황금추출물,아크릴아마이드/소듐아크릴로일디메틸타우레이트코폴리머,아이소헥사데칸,잔탄검,미리스틱애씨드,다이소듐이디티에이,아데노신,폴리솔베이트80,알지닌,만니톨,다이소듐아데노신트리포스페이트,알엔에이,피리독신에이치씨엘,솔비탄올리에이트,소르비톨,펜틸렌글라이콜,비에이치티,히스티딘에이치씨엘,옥수수커넬추출물,소듐클로라이드,효모추출물,페닐알라닌,페퍼민트추출물,프렌치로즈꽃추출물,타이로신,소르빅애씨드",,,,,
21,유비데아 XL 틴티드 크림 SPF50 PA++++,라로슈포제,"정제수,에틸헥실메톡시신나메이트,드로메트리졸트리실록산,글리세린,프로필렌글라이콜,다이메티콘크로스폴리머,티타늄디옥사이드,변성 알코올,펜틸렌글라이콜,테레프탈릴리덴디캠퍼설포닉애씨드,디에칠아미노하이드록신벤조일헥실벤조에이트,트라이에탄올아민,비스-에칠헥실옥시페놀메톡시페닐트리아진,스테아릭애씨드,포타슘세틸포스페이트,알루미늄하이드록사이드,부틸렌글라이콜,쉐어버터씨드케이크추출물,카프릴릴글라이콜,카보머,세틸알코올,적색산화철,황색산화철,다이소듐이디티에이,글리세릴스테아레이트,팔미틱애씨드,피이지-100스테아레이트,페녹시에탄올,소듐코코일사코시네이트,토코페롤,트로메타민,잔탄검",,,,,
22,퍼펙트 UV 프로텍터 SPF50++ PA++++(파란자차),시세이도,"다이메티콘,정제수,알코올,징크옥사이드,아이소도데케인,에틸헥실메톡시신나메이트,아이소프로필미리스테이트,폴리메틸메타크릴레이트,탤크,옥토크릴렌,폴리메틸실세스퀴옥세인,덱스트린팔미테이트,폴리부틸렌글라이콜/피피지-9/1코폴리머,트라이메틸실록시실리케이트,디에칠아미노하이드록시벤조일헥실벤조에이트,피이지-9폴리디메틸실록시에칠다이메티콘,티타늄디옥사이드,디아이소프로필세바케이트,자일리톨,사이클로메티콘,글리세린,비스-에칠헥실옥시페놀메톡시페닐트리아진,다이스테아다이모늄헥토라이트,아이소스테아릭애씨드,알루미늄하이드록사이드,스테아릭애씨드,향료,트라이소듐이디티에이,부틸렌글라이콜,피이지/피피지-14/7디메틸에텔,차오타우린,호이초추출물,비에이치티,적색산화철",,,,,
23,플러스 컬렉션 오일프리 선크림 SPF40 PA++,에끌라두,"정제수,에틸헥실메톡시신나메이트,4-메칠벤질리덴캠퍼,티타늄디옥사이드,다이프로필렌글라이콜,세테아릴알코올,세틸에틸헥사노에이트,비즈왁스,글리세린,비스-에칠헥실옥시페놀메톡시페닐트리아진,폴리솔베이트60,세테아릴글루코사이드,글리세릴스테아레이트,소듐하이알루로네이트,솔비탄세스퀴올리에이트,다이메티콘,사이클로펜타실록세인,사이클로헥사실록세인,알란토인,토코페릴아세테이트,쇠비름추출물,알로에베라잎즙가루,다이포타슘글리시리제이트,알루미늄하이드록사이드,스테아릭애씨드,카프릴하이드록사믹애씨드,카프릴릴글라이콜,폴리아크릴레이트-13,폴리아이소부텐,폴리솔베이트20,다이소듐이디티에이",,,,,
24,에브리 선데이 SPF50+ PA+++,닥터자르트,"정제수,사이클로펜타실록세인,에틸헥실메톡시신나메이트,글리세린,에칠헥실살리실레이트,징크옥사이드,다이프로필렌글라이콜,피이지-10다이메티콘,티타늄디옥사이드,사이클로메티콘,다이스테아다이모늄헥토라이트,이소데실네오펜타노에이트,라벤더오일,겨우살이잎추출물,쇠비름추출물,병풀추출물,장미꽃오일,멕시칸주니퍼오일,포트마리골드꽃추출물,알로에베라잎추출물,접시꽃추출물,마그네슘설페이트,메틸메타크릴레이트크로스폴리머,다이카프릴릴카보네이트,마이카,알루미늄하이드록사이드,알루미늄스테아레이트,다이메티콘/비닐다이메티콘크로스폴리머,메티콘,글리세릴카프릴레이트,카프릴릴글라이콜,트라이하이드록시스테아린,폴리글리세릴-6폴리리시놀리에이트,다이메티콘,소듐하이알루로네이트,아미노프로필다이메티콘,폴리메틸실세스퀴옥세인,트라이에톡시카프릴릴실레인,페녹시에탄올,황색산화철,적색산화철",,,,,
25,UV 엑스퍼트 XL 쉴드 SPF50 PA+++,랑콤,"정제수,에틸헥실메톡시신나메이트,다이메티콘,글리세린,드로메트리졸트리실록산,테레프탈릴리덴디캠퍼설포닉애씨드,프로필렌글라이콜,티타늄디옥사이드,변성알코올,트라이에탄올아민,스테아릭애씨드,포타슘세틸포스페이트,나일론-12,알엔에이,옥수수커넬추출물,토코페롤,소듐코코일사코시네이트,하이드록시시트로넬알,하이드록시이소헥실3-사이클로헥센카복스알데하이드,페녹시에탄올,디에칠아미노하이드록시벤조일헥실벤조에이트,아데노신,페닐알라닌,효모추출물,피이지-100스테아레이트,알지닌,유제놀,에틸파라벤,팔미틱애씨드,폴리솔베이트80,리모넨,잔탄검,만니톨,리날룰,벤질벤조에이트,벤질알코올,페퍼민트잎추출물,트로메타민,아이소헥사데칸,카프릴릴글라이콜,알파-이소메틸이오논,카보머,아크릴아마이드/소듐아크릴로일디메틸타우레이트코폴리머,피리독신에이치씨엘,타이로신,제라니올,비스-에칠헥실옥시페놀메톡시페닐트리아진,다이소듐이디티에이,다이소듐아데노신트리포스페이트,히스티딘에이치씨엘,프렌치로즈꽃추출물,세틸알코올,메틸파라벤,시트로넬올,알루미늄하이드록사이드,헥실신나몰,글리세릴스테아레이트,아밀신남알,향료",,,,,
26,톤 업 프로텍션 선 SPF42 PA+++,차앤박화장품,"정제수,사이클로펜타실록세인,에틸헥실메톡시신나메이트,에칠헥실살리실레이트,징크옥사이드,사이클로헥사실록세인,부틸렌글라이콜,피이지-10다이메티콘,티타늄디옥사이드,메틸메타크릴레이트크로스폴리머,다이프로필렌글라이콜,에틸헥실팔미테이트,다이메티콘/비닐다이메티콘크로스폴리머,센티드제라늄꽃오일,해수,녹차추출물,클러스터소나무껍질/싹추출물,포도씨추출물,자수정가루,쇠비름추출물,진주가루,토르말린,다이카프릴릴카보네이트,마그네슘설페이트,세틸피이지,카프릴릴메티콘,폴리메틸실세스퀴옥세인,다이스테아다이모늄헥토라이트,비닐다이메티콘/메티콘실세스퀴옥세인크로스폴리머,이소아밀p-메톡시신나메이트,C30-45알킬세테아릴다이메티콘크로스폴리머,알루미늄하이드록사이드,스테아릭애씨드,글리세릴카프릴레이트,다이메티콘,카프릴릴글라이콜,하이드록시아파타이트,바이오사카라이드검-4,판테놀,트라이에톡시카프릴릴실레인,몬모릴로나이트,유비퀴논,치옥틱애씨드,페녹시에탄올,황색산화철,적색산화철",,,,,
27,트루 케어 논나노 논코메도 무기자차 선크림 SPF48 PA+++(트루케어논나노선스크린),이니스프리,"정제수,프로판다이올,티타늄디옥사이드,부틸렌글라이콜,카프릴릭/카프릭트라이글리세라이드,카프릴릴메티콘,12-헥산다이올,펜틸렌글라이콜,카프릴릭/카프릭/석시닉트리글리세라이드,폴리하이드록시스테아릭애씨드,메틸메타크릴레이트크로스폴리머,암모늄아크릴로일다이메틸타우레이트/브이피코폴리머,알루미나,스테아릭애씨드,사카라이드하이드롤리세이트,하이드록시프로필메틸셀룰로오스스테아록시에텔,폴리아크릴레이트크로스폴리머-6,황색산화철,에틸헥실글리세린,다이카프릴릴카보네이트,병풀추출물,치아씨추출물,울금뿌리추출물,쇠비름추출물,약모밀추출물,적색산화철,마데카소사이드,t-부틸알코올,흑색산화철,트라이에톡시카프릴릴실레인",,,,,
28,컨트롤에이 센스티브 선 프로텍터 SPF35 PA++,닥터자르트,"정제수,에틸헥실메톡시신나메이트,다이프로필렌글라이콜,사이클로펜타실록세인,부틸렌글라이콜,다이카프릴릴카보네이트,티탄디옥사이드,에틸헥실팔미테이트,옥토크릴렌,사이클로헥사실록세인,세테아릴알코올,부틸메톡시디벤조일메탄,해수,병풀추출물,마카다미아넛오일(1),글리세린,글라이콜스테아레이트,트리세테아레스-4포스페이트,글리세릴스테아레이트,메틸메타크릴레이트크로스폴리머,피이지-100스테아레이트,피이지-2스테아레이트,실리카,아크릴레이트/C10-30알킬아크릴레이트크로스폴리머,글리세릴카프릴레이트,아미노메틸프로판올,카프릴릴글라이콜,포타슘세틸포스페이트,다이메티콘,살리실릭애씨드,소듐하이알루로네이트,베타-시토스테롤,스테아레스-4,콜레스테롤,프로필렌글라이콜,콜레스테릴/베헤닐/옥틸도데실라우로일글루타메이트,팔메스-2포스페이트,아세틸디펩타이드-3아미노헥사노에이트,변성알코올,잔탄검,다이소듐이디티에이,페녹시에탄올",,,,,
29,화이트 선 스크린 SPF35,DHC,"사이클로메티콘,정제수,징크옥사이드,티타늄디옥사이드,다이메티콘코폴리올,탤크,사이클로펜타실록세인,트라이에틸헥사노인,글리세린,다이메티콘,메티콘,나일론-12,올리브오일,알루미늄하이드록사이드,피이지-9폴리디메틸실록시에칠다이메티콘,페녹시에탄올,부틸렌글라이콜,지르코늄디옥사이드,펜틸렌글라이콜,알파-알부틴,토코페롤,알로에베라잎즙,펜타소듐펜테테이트,트리칼슘포스페이트,아스코빌테트라이소팔미테이트,시트릭애씨드,실리카,올리브잎추출물,실버,후박추출물",,,,,
30,엔조이 퍼펙트 데일리 썬크림 SPF50+ PA+++,싸이닉,"정제수,사이클로펜타실록세인,에틸헥실메톡시신나메이트,징크옥사이드,글리세린,에칠헥실살리실레이트,티타늄디옥사이드,다이프로필렌글라이콜,피이지-10다이메티콘,다이카프릴릴카보네이트,다이메티콘,다이스테아다이모늄헥토라이트,빙하수,월계수잎추출물,페퍼민트추출물,토코페릴아세테이트,에키움플란타기네움씨오일,두송열매추출물,분홍바늘꽃/잎/줄기추출물,포트마리골드꽃추출물,캐모마일꽃수,풍선덩굴꽃/잎/덩굴추출물,해바라기씨오일불검화물,오레가노잎추출물,편백잎추출물,흰버드나무껍질추출물,락토바실러스/콩발효추출물,쇠비름추출물,실론시나몬추출물,황금추출물,마그네슘설페이트,알루미늄하이드록사이드,비스-에칠헥실옥시페놀메톡시페닐트리아진,스테아릭애씨드,비닐다이메티콘/메티콘실세스퀴옥세인크로스폴리머,메티콘,카프릴릴글라이콜,다이메티콘/비닐다이메티콘크로스폴리머,글리세릴카프릴레이트,폴리글리세릴-6폴리리시놀리에이트,옥틸도데칸올,향료,페녹시에탄올",,,,,
31,스킨 디펜스 멀티프로텍션 에센스 SPF50+ PA++++,더바디샵,"정제수,변성알코올,에틸헥실메톡시신나메이트,네오펜틸글라이콜다이헵타노에이트,부틸메톡시디벤조일메탄,부틸렌글라이콜,다이메티콘,글리세린,폴리메틸메타크릴레이트,세테아릴알코올,페녹시에탄올,옥토크릴렌,클로페네신,아크릴레이트/C10-30알킬아크릴레이트크로스폴리머,세테아릴글루코사이드,마룰라씨오일,향료,에칠아스코빌에텔,소듐하이드록사이드,팔손이분홍치추출물,카보머,리날룰,토코페롤,리모넨,시트로넬올",,,,,
32,유브이 프로텍터 멀티 선스크린 SPF50+ PA+++,빌리프,"정제수,사이클로펜타실록세인,부틸렌글라이콜,징크옥사이드,에틸헥실메톡시신나메이트,티타늄디옥사이드,피이지-10다이메티콘,페닐벤즈이미다졸설포닉애씨드,글리세린,다이프로필렌글라이콜,트로메타민,판테놀,다이스테아다이모늄헥토라이트,헥실데실에칠헥사노에이트,세틸에틸헥사노에이트,백출오일,귀리커넬추출물,포트마리골드꽃추출물,개박하추출물,라즈베리잎추출물,와일드인디고뿌리추출물,별꽃추출물,버지니아풍년화추출물,커먼자스민추출물,몰로키아잎추출물,하이드로젠다이메티콘,헥실라우레이트,메티콘,알루미나,다이메티콘/비닐다이메티콘크로스폴리머,다이메티콘크로스폴리머,다이메티콘,아크릴레이트/다이메티콘코폴리머,알라닐글루타민,징크스테아레이트,솔비탄세스퀴아이소스테아레이트,12-헥산다이올,마이카,메티콘,브이피/에이코센코폴리머,나일론-12,다이스테아릴다이모늄클로라이드,토코페릴아세테이트,황색산화철,트라이에톡시카프릴릴실레인,비닐다이메티콘/메티콘실세스퀴옥세인크로스폴리머,적색산화철,흑색산화철,향료,시트랄,시트로넬올,리모넨,제라니올,리날룰",,,,,
33,UV 쉴드 선 프로텍터 EX SPF50+ PA++++,아이오페,"정제수,부틸렌글라이콜,에틸헥실메톡시신나메이트,C12-15알킬벤조에이트,비스-에칠헥실옥시페놀메톡시페닐트리아진,디에칠아미노하이드록시벤조일헥실벤조에이트,티타늄디옥사이드,사이클로펜타실록세인,나이아신아마이드,다이메티콘,실리카,사이클로헥사실록세인,세틸알코올,글리세릴스테아레이트,피이지-100스테아레이트,트리실록산,나일론-12,C14-22알코올,폴리아크릴레이트-13,알루미늄스테아레이트,향료,폴리하이드록시스테아릭애씨드,폴리아이소부텐,알루미나,스테아릭애씨드,토코페릴아세테이트,C12-20알킬글루코사이드,폴리실리콘-11,C12-15알코올,메톡시피이지-114/폴리엡실론카프롤락톤,글리세릴카프릴레이트,비피다발효용해물,카보머,치커리뿌리추출물,에틸헥실글리세린,다이소듐이디티에이,폴리솔베이트20,아데노신,솔비탄아이소스테아레이트,리모넨,리날룰,시트로넬올,페녹시에탄올,코튼추출물,부틸페닐메틸프로피오날,글루코오스,헥실신나몰,소듐벤조에이트,아세틱애씨드,락틱애씨드,토코페롤",,,,,
34,민중기 무기자차 썬크림 SPF40 PA++,시드물,"밤부사불가리스수액추출물,사이클로펜타실록세인,티타늄디옥사이드,쇠비름추출물,카프릴릭/카프릭트라이글리세라이드,부틸렌글라이콜,피이지-10다이메티콘,징크옥사이드,다이메티콘,실리카,피토스테릴/데실테트라데실미리스토일메틸베타-알라니네이트,헥실라우레이트,폴리글리세릴-2다이아이소스테아레이트,폴리글루타믹애씨드,소듐하이알루로네이트,왕귤껍질추출물,하이드로제네이티드레시틴,세라마이드엔피,락틱애씨드,피토스핑고신,올레익애씨드,감초추출물,녹차추출물,황금추출물,밤부사 불가리스추출물,도둑놈의지팡이뿌리추출물,모란뿌리추출물,자몽추출물,쑥추출물,브델리아추출물,다이포타슘글리시리제이트,와일드타임추출물,베타-글루칸,안젤리카뿌리추출물,알로에베라잎즙가루,캐모마일꽃추출물,매도우스위트꽃추출물,바코파몬니에라추출물,하이드롤라이즈드보검선인장꽃추출물,버지니아풍년화잎추출물,사카라이드아이소머레이트,콜레스테롤,세린,글라이신,글루타믹애씨드,알라닌,라이신,트레오닌,프롤린,소듐피씨에이,마그네슘아스파테이트,징크글루코네이트,카퍼글루코네이트,스테아릭애씨드,알루미늄하이드록사이드,소듐클로라이드,미리스틱애씨드,황색산화철,적색산화철,다이소듐이디티에이,흑색산화철",,,,,
35,퍼펙트 UV 선스크린 아쿠아 부스터 SPF50+ PA++++,아넷사(구. 시세이도아넷사),"다이메티콘,정제수,알코올,징크옥사이드,에틸헥실메톡시신나메이트,폴리메틸메타크릴레이트,아이소프로필미리스테이트,탤크,아이소도데케인,옥토크릴렌,폴리부틸렌글라이콜/피피지-9/1코폴리머,트라이메틸실록시실리케이트,피이지-9폴리디메틸실록시에칠다이메티콘,디에칠아미노하이드록시벤조일헥실벤조에이트,티타늄디옥사이드,글리세린,디아이소프로필세바케이트,덱스트린팔미테이트,비닐다이메티콘/메티콘실세스퀴옥세인크로스폴리머,자일리톨,비스-에칠헥실옥시페놀메톡시페닐트리아진,아이소스테아릭애씨드,알루미늄하이드록사이드,다이스테아다이모늄헥토라이트,트라이에톡시카프릴릴실레인,스테아릭애씨드,하이드로젠다이메티콘,다이스테아릴다이모늄클로라이드,소듐클로라이드,트라이소듐이디티에이,피이지/피피지-14/7디메틸에텔,부틸렌글라이콜,향료,에칠아스코빌에텔,비에이치티,다이포타슘글리시리제이트,소듐메타바이설페이트,일당귀추출물,와일드타임추출물,로즈힙열매추출물,소듐하이알루로네이트,울금뿌리추출물",,,,,
36,멀티 프로텍션 크림 SPF50 PA+++,이노스킨랩,"알로에베라잎추출물,징크옥사이드,티타늄디옥사이드,에틸헥실메톡시신나메이트,달맞이꽃오일,글리세린,해바라기씨오일,프로필렌글라이콜,솔비탄세스퀴올리에이트,아이소노닐아이소노나노에이트,쉐어버터,알부틴,귀리잎추출물,포도추출물,병풀추출물,자몽추출물,잇꽃씨오일,버지니아풍년화추출물,스테아릭애씨드,호호바씨오일,참깨오일,다이스테아다이모늄헥토라이트,당근추출물,녹차추출물,사과추출물,토코페릴아세테이트,라벤더오일,키위씨오일,곤포추출물,로우스위트블루베리추출물,아데노신",,,,,
37,피토 아쿠아 워터 선 베이스 SPF50+ PA+++,비욘드,"정제수,에틸헥실메톡시신나메이트,에칠헥실살리실레이트,프로필렌글라이콜,페닐벤즈이미다졸설포닉애씨드,카프릴릭/카프릭트라이글리세라이드,부틸메톡시디벤조일메탄,비스-에칠헥실옥시페놀메톡시페닐트리아진,세테아릴알코올,폴리메틸메타크릴레이트,사이클로펜타실록세인,글리세릴스테아레이트,세테아릴올리베이트,글리세린,솔비탄올리베이트,사이클로헥사실록세인,소듐하이드록사이드,나일론-12,다이메티콘,폴리아크릴레이트-13,폴리아이소부텐,폴리솔베이트20,솔비탄아이소스테아레이트,피이지-100스테아레이트,솔비탄스테아레이트,가시대나무수액,하늘타리줄기즙,만주자작나무수액,판테놀,토코페릴아세테이트,다이소듐이디티에이,카프릴릴글라이콜,에틸헥실글리세린,12-헥산다이올",,,,,
38,스킨 릴리프 UV 프로텍터 SPF50+ PA+++,프리메라,"정제수,부틸렌글라이콜,에틸헥실메톡시신나메이트,비스-에칠헥실옥시페놀메톡시페닐트리아진,C12-15알킬벤조에이트,에칠헥실살리실레이트,사이클로펜타실록세인,티타늄디옥사이드,사이클로헥사실록세인,쌀배아추출물,참깨싹추출물,콩싹추출물,닥나무뿌리추출물,나일론-12,실리카,세틸알코올,글리세릴스테아레이트,피이지-100스테아레이트,C14-22알코올,폴리아크릴레이트-13,알루미늄스테아레이트,프로판다이올,알루미나,폴리하이드록시스테아릭애씨드,폴리아이소부텐,스테아릭애씨드,메톡시피이지-114/폴리엡실론카프롤락톤,C12-20알킬글루코사이드,글리세릴카프릴레이트,카보머,잔탄검,폴리솔베이트20,에틸헥실글리세린,다이소듐이디티에이,향료",,,,,
39,울트라 페이셜 모이스처라이징 썬크림 SPF37 PA++,시드물,"카렌둘라추출물,알로에베라잎추출물,병풀추출물,옥토크릴렌,사이클로펜타실록세인,에칠헥실살리실레이트,메틸메타크릴레이트크로스폴리머,부틸렌글라이콜,비스-에칠헥실옥시페놀메톡시페닐트리아진,사이클로헥사실록세인,에칠헥실트리아존,부틸옥틸살리실레이트,세테아릴알코올,세테아릴올리베이트,세테아릴글루코사이드,세틸에틸헥사노에이트,글리세릴카프릴레이트,폴리메틸메타크릴레이트,암모늄아크릴로일다이메틸타우레이트/브이피코폴리머,솔비탄올리베이트,하이드록시에틸셀룰로오스,잔탄검,카프릴릴글라이콜,알란토인,다이포타슘글리시리제이트,판테놀",,,,,
40,베리 에센스 선블럭 SPF50+ PA+++,본트리,"정제수,에틸헥실메톡시신나메이트,에칠헥실살리실레이트,부틸렌글라이콜,디에칠아미노하이드록시벤조일헥실벤조에이트,C12-15알킬벤조에이트,메틸메타크릴레이트크로스폴리머,나이아신아마이드,페닐벤즈이미다졸설포닉애씨드,세테아릴알코올,글리세릴스테아레이트,세테아릴올리베이트,비스-에칠헥실옥시페놀메톡시페닐트리아진,쇠비름추출물,알로에베라잎즙,베타-글루칸,캐모마일꽃추출물,다래나무즙,하늘타리뿌리추출물,수세미오이추출물,만주자작나무수액,아사이팜열매추출물,로우스위트블루베리추출물,서양산딸기추출물,솔비탄올리베이트,폴리아크릴레이트-13,폴리솔베이트60,다이메티콘,폴리아이소부텐,솔비탄스테아레이트,소듐하이드록사이드,피이지-100스테아레이트,폴리솔베이트20,솔비탄아이소스테아레이트,아데노신,다이소듐이디티에이,카프릴릴글라이콜,에틸헥실글리세린,향료",,,,,
41,무기자차 데일리 썬 밀크 SPF20 PA++,시드물,"정제수,사이클로펜타실록세인,사이클로헥사실록세인,다이프로필렌글라이콜,피이지-10다이메티콘,티타늄디옥사이드,글리세린,다이카프릴릴카보네이트,트라이에틸헥사노인,세틸피이지,다이메티콘,솔비탄세스퀴올리에이트,베타-글루칸,베타인,트레할로오스,마그네슘설페이트,알루미늄하이드록사이드,스테아릭애씨드,다이스테아다이모늄헥토라이트,솔비탄올리베이트,메틸메타크릴레이트크로스폴리머,카프릴릴글라이콜,토코페릴아세테이트,판테놀,알로에베라잎추출물,카프릴하이드록사믹애씨드,인도유향오일,부틸렌글라이콜,12-헥산다이올",,,,,
42,UV 아쿠아 리치 워터리 에센스 SPF50 PA+++,비오레,"정제수,에틸헥실메톡시신나메이트,알코올,라우릴메타크릴레이트/글라이콜디메타크릴레이트크로스폴리머,C12-15알킬벤조에이트,비스-에칠헥실옥시페놀메톡시페닐트리아진,디에칠아미노하이드록시벤조일헥실벤조에이트,에칠헥실트리아존,다이메티콘,자일리톨,트리실록산,아크릴레이트/C10-30알킬아크릴레이트크로스폴리머,덱스트린팔미테이트,글리세릴스테아레이트,C30-45알킬메치콘,아가,C30-45올레핀,포타슘하이드록사이드,카보머,향료,폴리비닐알코올,피이지-400,다이소듐이디티에이,비에이치티,피이지-50하이드로제네이티드캐스터오일트리아이소스테아레이트,피이지-35캐스터오일,소듐하이드록사이드,부틸렌글라이콜,프로필렌글라이콜,왕귤추출물,로얄젤리추출물,소듐하이알루로네이트,오렌지추출물,레몬추출물,페녹시에탄올,메틸파라벤,부틸파라벤,에틸파라벤,프로필파라벤",,,,,
43,오메가 퍼펙션 선블록  SPF50+ PA+++,차앤박화장품,"정제수,사이클로펜타실록세인,에칠헥실살리실레이트,징크옥사이드,부틸렌글라이콜,피이지-10다이메티콘,티타늄디옥사이드,글리세린,카프릴릴메티콘,녹차추출물,쇠비름추출물,폴리메틸실세스퀴옥세인,마그네슘설페이트,다이스테아다이모늄헥토라이트,다이메티콘/비닐다이메티콘크로스폴리머,비닐다이메티콘/메티콘실세스퀴옥세인크로스폴리머,세틸피이지,이소아밀p-메톡시신나메이트,C30-45알킬세테아릴다이메티콘크로스폴리머,알루미늄하이드록사이드,스테아릭애씨드,메틸메타크릴레이트크로스폴리머,글리세릴카프릴레이트,다이메티콘,실리카다이메틸실릴레이트,카프릴릴글라이콜,바이오사카라이드검-4,판테놀,향료",,,,,
44,썬 파우더 로션 SPF25 PA+++,사바비안 ,"정제수,티타늄디옥사이드,징크옥사이드,부틸렌글라이콜,12-헥산다이올,글리세린,의이인추출물,황금추출물,보리수잎추출물,무궁화나무껍질추출물,아르니카몬타나꽃추출물,작약꽃추출물,알란토인,다이포타슘글리시리제이트,알로에베라잎즙,아이런옥사이드,글루코오스,프룩토오스,토코페롤,하이드록시에틸아크릴레이트",,,,,
45,퍼펙트 선 블랙 SPF50+ PA+++,오휘,"사이클로펜타실록세인,정제수,징크옥사이드,부틸렌글라이콜,티타늄디옥사이드,피이지-10다이메티콘,헥실데실에칠헥사노에이트,페닐벤즈이미다졸설포닉애씨드,세틸에틸헥사노에이트,트라이에탄올아민,글리세린,다이프로필렌글라이콜,헥실라우레이트,판테놀,12-헥산다이올,다이스테아다이모늄헥토라이트,하이드로젠다이메티콘,다이메티콘/비닐다이메티콘크로스폴리머,메티콘,매도우스위트추출물,알라닐글루타민,타히티바닐라추출물,치커리뿌리추출물,아이소스테아릭애씨드,솔비탄세스퀴아이소스테아레이트,징크스테아레이트,알루미나,브이피/에이코센코폴리머,아크릴레이트/다이메티콘코폴리머,다이포타슘글리시리제이트,다이스테아릴다이모늄클로라이드,토코페릴아세테이트,백출오일,갈란투스씨추출물,크리신,다이메티콘,비닐다이메티콘/메티콘실세스퀴옥세인크로스폴리머,나일론-12,트라이에톡시카프릴릴실레인,마이카,흑색산화철,적색산화철,황색산화철,향료,리모넨,리날룰,하이드록시이소헥실3-사이클로헥센카복스알데하이드,부틸페닐메틸프로피오날",,,,,
46,올 어라운드 세이프 블록 마일드 선 SPF30 PA++,미샤,"정제수,카프릴릭/카프릭트라이글리세라이드,징크옥사이드,티타늄디옥사이드,부틸렌글라이콜,세테아릴알코올,12-헥산다이올,코코-글루코사이드,하이드록시에틸아크릴레이트,스쿠알란,수레국화꽃수,에버라스팅꽃수,선백리향잎수,감국꽃추출물,녹차추출물,쑥잎추출물,실론시나몬나무껍질추출물,감나무잎추출물,오디추출물,칡뿌리추출물,C20-22알킬포스페이트,C20-22알코올,알루미늄하이드록사이드,스테아릭애씨드,폴리솔베이트60,하이드로젠다이메티콘,잔탄검,브이피/헥사데센코폴리머,사이클로펜타실록세인,아크릴레이트/다이메티콘코폴리머",,,,,
47,유브이 스킨포스 선크림 SPF50+ PA+++,라끄베르,"정제수,사이클로펜타실록세인,에틸헥실메톡시신나메이트,에칠헥실살리실레이트,징크옥사이드,다이프로필렌글라이콜,피이지-10다이메티콘,티타늄디옥사이드,다이카프릴릴카보네이트,다이스테아다이모늄헥토라이트,선인장추출물,토코페릴아세테이트,알바수련꽃추출물,마그네슘설페이트,다이메티콘,알루미늄하이드록사이드,다이메티콘/비닐다이메티콘크로스폴리머,알루미늄스테아레이트,메티콘,글리세릴카프릴레이트,카프릴릴글라이콜,폴리글리세릴-6폴리리시놀리에이트,향료,페녹시에탄올",,,,,
48,선 메이트 데일리 SPF35 PA+++,헤라,"정제수,부틸렌글라이콜,디에칠아미노하이드록시벤조일헥실벤조에이트,C12-15알킬벤조에이트,에틸헥실메톡시신나메이트,에칠헥실살리실레이트,사이클로펜타실록세인,스테아릴다이메티콘,비스-에칠헥실옥시페놀메톡시페닐트리아진,사이클로헥사실록세인,페닐트라이메티콘,티타늄디옥사이드,세테아릴알코올,해바라기씨오일,베타-카로틴,토코페롤,복사나무잎추출물,하이드롤라이즈드오크라추출물,디팔미토일하이드록시프롤린,글리세릴스테아레이트,실리카,12-헥산다이올,C14-22알코올,폴리메틸실세스퀴옥세인,피이지-100스테아레이트,하이드록시에틸아크릴레이트,알루미늄스테아레이트,폴리아크릴레이트-13,폴리하이드록시스테아릭애씨드,C12-20알킬글루코사이드,폴리아이소부텐,알루미나,에틸헥실글리세린,폴리솔베이트20,에틸헥실팔미테이트,펜틸렌글라이콜,메톡시피이지-114/폴리엡실론카프롤락톤,카프릴릴글라이콜,카보머,디엔에이,하이드로제네이티드포스파티딜콜린,콜레스테롤,아크릴레이트/스테아릴메타크릴레이트코폴리머,다이소듐이디티에이,적색산화철,황색산화철,향료",,,,,
49,내추럴 선 에코 파워 롱래스팅 선크림 SPF50+ PA+++,더페이스샵,"정제수,사이클로펜타실록세인,징크옥사이드,부틸렌글라이콜,에틸헥실메톡시신나메이트,피이지-10다이메티콘,페닐벤즈이미다졸설포닉애씨드,티타늄디옥사이드,트로메타민,다이프로필렌글라이콜,헥실데실에칠헥사노에이트,판테놀,세틸에틸헥사노에이트,다이스테아다이모늄헥토라이트,12-헥산다이올,헥실라우레이트,다이메티콘/비닐다이메티콘크로스폴리머,징크스테아레이트,알라닐글루타민,솔비탄세스퀴아이소스테아레이트,하이드로젠다이메티콘,해바라기싹추출물,트라이에톡시카프릴릴실레인,알루미나,마이카,나일론-12,브이피/에이코센코폴리머,아크릴레이트/다이메티콘코폴리머,타히티바닐라추출물,다이스테아릴다이모늄클로라이드,비닐다이메티콘/메티콘실세스퀴옥세인크로스폴리머,아데노신,트라이소듐이디티에이,토코페릴아세테이트,소듐피씨에이,다이포타슘글리시리제이트,다이메티콘,황색산화철,적색산화철,흑색산화철,소듐벤조에이트,향료",,,,,
50,올 어라운드 세이프 블록 토닝 선 텐션 SPF50+ PA++++,미샤,"정제수,징크옥사이드,사이클로펜타실록세인,티타늄디옥사이드,실리카,프로판다이올,피이지-10다이메티콘,세틸에틸헥사노에이트,하이드로제네이티드폴리아이소부텐,디이소스테아릴말레이트,세테아릴알코올,사이클로헥사실록세인,알코올,빙하수,리모니아아키디시마추출물,복숭아추출물,눈연꽃추출물,진주추출물,브이피/헥사데센코폴리머,헥사로지네이트,마그네슘설페이트,하이드로젠다이메티콘,다이스테아다이모늄헥토라이트,알루미늄하이드록사이드,솔비탄세스퀴올리에이트,카프릴릴메티콘,폴리부텐,스테아릭애씨드,다이메티콘/비닐다이메티콘크로스폴리머,아크릴레이트/다이메티콘코폴리머,트라이에톡시카프릴릴실레인,프로필렌카보네이트,토코페릴아세테이트,폴리하이드록시스테아릭애씨드,포타슘솔베이트,에틸헥실팔미테이트,아이소프로필미리스테이트,레시틴,아이소스테아릭애씨드,부틸렌글라이콜,폴리글리세릴-3폴리리시놀리에이트,소듐벤조에이트,다이소듐이디티에이,카프릴릴글라이콜,페녹시에탄올,에틸헥실글리세린,12-헥산다이올,적색산화철,황색산화철,흑색산화철,향료",,,,,
51,트리플 디펜스 선프로텍터 SPF50+ PA+++,아모레퍼시픽,"정제수,부틸렌글라이콜,C12-15알킬벤조에이트,에틸헥실메톡시신나메이트,티타늄디옥사이드,비스-에칠헥실옥시페놀메톡시페닐트리아진,디에칠아미노하이드록시벤조일헥실벤조에이트,페닐트라이메티콘,사이클로펜타실록세인,녹차추출물,파피아글로메라타뿌리즙,알지닌피씨에이,당근추출물,토코페롤,왕대수액,인삼추출물,송이버섯추출물,낫토검,베타-글루칸,연꽃추출물,아데노신,소듐하이알루로네이트,12-헥산다이올,실리카,폴리아크릴레이트-13,세테아릴알코올,피이지-100스테아레이트,폴리아이소부텐,알루미늄스테아레이트,폴리하이드록시스테아릭애씨드,글리세린,알루미나,에틸헥실글리세린,프로판다이올,폴리솔베이트20,스테아릴베헤네이트,글루타밀아미도에틸인돌,폴리글리세릴-3메틸글루코오스다이스테아레이트,하이드록시프로필비스팔미타마이드엠이에이,이눌린라우릴카바메이트,페녹시에탄올,다이소듐이디티에이,카보머,알코올,향료",,,,,
52,더 미니멈 선크림 SPF25 PA++,이니스프리,"정제수,세틸에틸헥사노에이트,티타늄디옥사이드,세테아릴알코올,12-헥산다이올,쇠비름추출물,부틸렌글라이콜,세테아릴글루코사이드,마데카소사이드,포타슘세틸포스페이트,알루미늄하이드록사이드,암모늄아크릴로일다이메틸타우레이트/브이피코폴리머,스테아릭애씨드,소듐스테아로일글루타메이트,잔탄검",,,,,
53,트리트먼트 에센스 울트라 선블럭 SPF50 PA+++,마녀공장,"연꽃수,다이카프릴릴카보네이트,수레국화꽃수,비피다발효용해물,코코-카프릴레이트,에틸헥실메톡시신나메이트,이소아밀p-메톡시신나메이트,징크옥사이드,티타늄디옥사이드,에칠헥실살리실레이트,프로판다이올,솔비탄올리베이트,폴리글리세릴-3폴리리시놀리에이트,다이스테아다이모늄헥토라이트,디에칠아미노하이드록시벤조일헥실벤조에이트,폴리글리세릴-4아이소스테아레이트,초피나무열매추출물,할미꽃추출물,어스니어추출물,아마씨오일,폴리글리세릴-3다이아이소스테아레이트,소듐클로라이드,베타인,락토바실러스발효물,병풀추출물,바다포도추출물,락토바실러스/히비스커스꽃발효여과물,글리세린,정제수,톳추출물,우뭇가사리추출물,곤포추출물,스테아릭애씨드,글리세릴카프릴레이트,해바라기씨오일,토코페롤,장미꽃오일,페퍼민트오일,알루미늄하이드록사이드,베르가모트오일,왕귤껍질오일,레몬껍질오일,라임전초오일,디스타치포스페이트,다마스크장미꽃수,포트마리골드꽃추출물",,,,,
54,내추럴 선크림 SPF40 PA+,화안애,"정제수,에틸헥실메톡시신나메이트,티타늄디옥사이드,다이프로필렌글라이콜,세테아릴알코올,4-메칠벤질리덴캠퍼,비즈왁스,글리세린,호호바씨오일,잇꽃씨오일,세테아릴글루코사이드,하이알루로닉애씨드,비스-에칠헥실옥시페놀메톡시페닐트리아진,글리세릴스테아레이트,우엉추출물,레몬추출물,호프추출물,서양고추나물추출물,살비아잎추출물,포트마리골드꽃추출물,비누풀잎/뿌리추출물,알로에베라잎즙가루,다이포타슘글리시리제이트,알란토인,카프릴하이드록사믹애씨드,카프릴릴글라이콜,토코페릴아세테이트,커먼자스민오일",,,,,
55,스킨 발란싱 선스크린 SPF30,폴라초이스,"정제수,호모살레이트,부틸렌글라이콜,벤조페논-3,부틸메톡시디벤조일메탄,실리카,옥토크릴렌,세틸디메치콘,알루미늄스타치옥테닐석시네이트,녹차추출물,알로에베라잎즙가루,아스코빌팔미테이트,포스포리피드,수퍼옥사이드디스뮤타아제,아데노신,토코페롤,알파-비사보롤,레드호그위드뿌리추출물,콜로이달오트밀,판테놀,은행잎추출물,흰버드나무껍질추출물,아크릴레이트/C10-30알킬아크릴레이트크로스폴리머,티타늄디옥사이드,소듐하이드록사이드,스테아레스-21,스테아레스-2,폴리솔베이트20,다이소듐이디티에이,페녹시에탄올,소르빅애씨드",,,,,
56,마일드 프로텍트 순한 선크림 SPF50+ PA+++,구달,"정제수,사이클로펜타실록세인,징크옥사이드,글리세린,다이카프릴릴카보네이트,다이프로필렌글라이콜,피이지-10다이메티콘,티타늄디옥사이드,다이메티콘,알로에베라잎즙,다이스테아다이모늄헥토라이트,마그네슘설페이트,쇠비름추출물,겨우살이잎추출물,병풀추출물,토코페릴아세테이트,미네랄워터,칡뿌리추출물,감초추출물,수용성콜라겐,작약추출물,천궁추출물,에키움플란타기네움씨오일,테르무스테르모필루스발효물,풍선덩굴꽃/잎/덩굴추출물,해바라기씨오일불검화물,소듐하이알루로네이트,락토바실러스발효물,백년초열매추출물,산소,메티콘,알루미늄하이드록사이드,다이메티콘/비닐다이메티콘크로스폴리머,카프릴릴글라이콜,폴리글리세릴-6폴리리시놀리에이트,스테아릭애씨드,글리세릴카프릴레이트,마이크로크리스탈린셀룰로오스,옥틸도데칸올,부틸렌글라이콜,셀룰로오스검,12-헥산다이올,잔탄검,향료,페녹시에탄올",,,,,
57,올 데이 디펜스 선크림 SPF50 PA+++,닥터랩,"정제수,사이클로펜타실록세인,에칠헥실메톡시신나메이트,글리세린,에칠헥실살리실레이트,징크옥사이드,다이프로필렌글라이콜,피이지-10다이메티콘,티타늄디옥사이드,나이아신아마이드,다이메티콘,메틸메타크릴레이트크로스폴리머,다이스테아다이모늄헥토라이트,다이카프릴릴카보네이트,바이오사카라이드검-1,토코페릴아세테이트,소듐하이알루로네이트,알로에베라잎즙,하이드로제네이티드레시틴,로얄젤리,무화과추출물,산수유열매추출물,싯딤우드검추출물,아세로라추출물,연어알추출물,파파야열매,달맞이꽃오일,스쿠알란,해바라기씨오일,마그네슘설페이트,다이메티콘/비닐다이메티콘크로스폴리머,실리카,칼슘알루미늄보로실리케이트,알루미늄하이드록사이드,알루미늄스테아레이트,메티콘,글리세릴카프릴레이트,카프릴릴글라이콜,트라이하이드록시스테아린,폴리글리세릴-6폴리리시놀리에이트,아데노신,부틸렌글라이콜,글리세릴폴리메타크릴레이트,프로필렌글라이콜,판테놀,솔비탄라우레이트,카프릴릭/카프릭트라이글리세라이드,세라마이드엔피,콜레스테롤,폴릭애씨드,라피노오스,아세틸디펩타이드-1세틸에스터,하이드록시에틸셀룰로오스,트로메타민,팔미토일테트라펩타이드-7,팔미토일트리펩타이드-1,팔미토일펜타펩타이드-4,팔미토일올리고펩타이드,향료,페녹시에탄올",,,,,
58,선 메이트 에센스 젤 SPF40 PA++,헤라,"정제수,부틸렌글라이콜,에틸헥실메톡시신나메이트,에칠헥실살리실레이트,비스-에칠헥실옥시페놀메톡시페닐트리아진,사이클로펜타실록세인,페닐트라이메티콘,글리세린,페닐벤즈이미다졸설포닉애씨드,트로메타민,메칠트리메치콘,사이클로헥사실록세인,세테아릴알코올,하이드롤라이즈드오크라추출물,해바라기씨오일,캐럽콩추출물,복사나무잎추출물,베타-카로틴,토코페롤,디엔에이,하이드로제네이티드포스파티딜콜린,디팔미토일하이드록시프롤린,베헤닐알코올,하이드록시에틸아크릴레이트,실리카,피토스테릴/베헤닐/옥틸도데실라우로일글루타메이트,세테아레스-12,폴리솔베이트60,포타슘세틸포스페이트,암모늄아크릴로일다이메틸타우레이트/브이피코폴리머,아크릴레이트코폴리머,글리세릴스테아레이트,스테아릭애씨드,하이드로제네이티드레시틴,폴리글리세릴-3메틸글루코오스다이스테아레이트,프로판다이올,에틸헥실팔미테이트,펜틸렌글라이콜,메톡시피이지-114/폴리엡실론카프롤락톤,카보머,콜레스테롤,아크릴레이트/스테아릴메타크릴레이트코폴리머,12-헥산다이올,에틸헥실글리세린,카프릴릴글라이콜,다이소듐이디티에이,페녹시에탄올,향료",,,,,
59,유브이 플러스 HP 데이 스크린 하이 프로텍션 틴트 SPF40 라이트,클라란스,"사이클로펜타실록세인,정제수,티타늄디옥사이드,폴리글리세릴-3폴리다이메틸실록시에틸다이메티콘,아이런옥사이드,알코올,세틸피이지,헥실라우레이트,폴리글리세릴-4아이소스테아레이트,알루미늄하이드록사이드,스테아릭애씨드,알루미늄스타치옥테닐석시네이트,소듐클로라이드,피이지/피피지-18/18다이메티콘,페녹시에탄올,피이지/피피지-20/15다이메티콘,아이소프로필티타늄트라이아이소스테아레이트,토코페릴아세테이트,마이카,향료,하이드록시프로필트리모늄말토덱스트린크로스폴리머,다이소듐이디티에이,부틸렌글라이콜,실리카,글리세린,펜틸렌글라이콜,벤질살리실레이트,멜론추출물,제라니올,바이오사카라이드검-4,시트로넬올,테르무스테르모필루스발효물,벤질벤조에이트,부틸페닐메틸프로피오날,하이드록시이소헥실3-사이클로헥센카복스알데하이드,서양개보리뺑이꽃,리모넨,헥실신나몰,리날룰,녹차추출물,포타슘솔베이트,바위돌꽃뿌리추출물,소듐라우릴설페이트",,,,,
60,데일리 썬 쉴드 크림 SPF40 PA++,이솔,"정제수,사이클로펜타실록세인,티타늄디옥사이드,카프릴릭/카프릭트라이글리세라이드,부틸렌글라이콜,피이지-10다이메티콘,징크옥사이드,쇠비름추출물,다이메티콘,나일론-12,디헥실데실라우로일글루타메이트,소듐피씨에이,실리카,헥실라우레이트,폴리글리세릴-2다이아이소스테아레이트,폴리글루타믹애씨드,소듐하이알루로네이트,왕귤껍질추출물,락토바실러스/녹두씨추출물/소듐글루타메이트발효여과물,쉐어버터,하이드로제네이티드레시틴,세라마이드엔피,락틱애씨드,피토스핑고신,올레익애씨드,프랑스해안송껍질추출물,감초추출물,녹차추출물,황금추출물,도둑놈의지팡이뿌리추출물,모란뿌리추출물,자몽추출물,쑥추출물,브델리아분열조직세포배양물,다이포타슘글리시리제이트,와일드타임추출물,베타-글루칸,안젤리카뿌리추출물,알로에베라잎즙가루,캐모마일꽃추출물,매도우스위트꽃추출물,바코파몬니에라추출물,하이드롤라이즈드보검선인장꽃추출물,버지니아풍년화잎추출물,사카라이드아이소머레이트,콜레스테롤,트라이메틸실록시실리케이트,에뮤오일,스테아릭애씨드,알루미늄하이드록사이드,소듐클로라이드,미리스틱애씨드,황색산화철,적색산화철,테트라소듐이디티에이,흑색산화철",,,,,
61,올 어라운드 세이프 블록 에센스 선 SPF45 PA+++,미샤,"정제수,에틸헥실메톡시신나메이트,에칠헥실살리실레이트,페닐벤즈이미다졸설포닉애씨드,부틸렌글라이콜,디에칠아미노하이드록시벤조일헥실벤조에이트,메틸메타크릴레이트크로스폴리머,C12-15알킬벤조에이트,세테아릴알코올,비스-에칠헥실옥시페놀메톡시페닐트리아진,글리세릴스테아레이트,세테아릴올리베이트,사이클로펜타실록세인,아크릴레이트/다이메티콘코폴리머,브이피/헥사데센코폴리머,생열귀나무싹추출물,연꽃추출물,감국꽃추출물,녹차추출물,쑥잎추출물,감나무잎추출물,실론시나몬추출물,오디추출물,칡뿌리추출물,알로에베라잎즙,감초추출물,뽕나무뿌리추출물,오이열매추출물,쇠비름추출물,버지니아풍년화수,리모니아아키디시마추출물,판테놀,솔비탄올리베이트,소듐하이드록사이드,폴리솔베이트60,다이메티콘,폴리아크릴레이트-13,피이지-100스테아레이트,폴리아이소부텐,솔비탄스테아레이트,비에이치티,다이소듐이디티에이,카프릴릴글라이콜,에틸헥실글리세린,12-헥산다이올,향료",,,,,
62,청순 무기자차 선쿠션 SPF35 PA+++,가온도담,"정제수,티타늄디옥사이드,다이카프릴릴카보네이트,부틸옥틸살리실레이트,부틸렌글라이콜,12-헥산다이올,세테아릴알코올,베헤닐알코올,아라키딜알코올,스테아릭애씨드,폴리글리세릴-2카프레이트,아라키딜글루코사이드,소듐스테아로일글루타메이트,폴리아크릴레이트크로스폴리머-6,옥틸도데칸올,수크로오스스테아레이트,호호바씨오일,소듐아크릴레이트/소듐아크릴로일다이메틸타우레이트코폴리머,알루미나,폴리아이소부텐,잔탄검,사카라이드하이드롤리세이트,프로판다이올,글리세릴카프릴레이트,스쿠알란,에틸헥실글리세린,에키움플란타기네움씨오일,레몬추출물,라벤더오일,솔비탄올리에이트,로즈마리잎오일,카프릴릴/카프릴글루코사이드,유칼립투스잎오일,울금뿌리추출물,치아씨추출물,t-부틸알코올,해바라기씨오일불검화물,풍선덩굴꽃/잎/덩굴추출물,시트로넬라오일,오렌지꽃오일,다마스크장미꽃오일,토코페롤,비타민나무열매추출물",,,,,
63,피지컬 선스크린 SPF50+ PA+++,닥터에스리,"정제수,사이클로펜타실록세인,징크옥사이드,글리세린,다이카프릴릴카보네이트,피이지-10다이메티콘,다이메티콘,티타늄디옥사이드,다이프로필렌글라이콜,다이스테아다이모늄헥토라이트,에키움플란타기네움씨오일,울금뿌리추출물,쇠비름추출물,병풀추출물,약모밀추출물,치아씨추출물,풍선덩굴꽃/잎/덩굴추출물,카프릴릴메티콘,마그네슘설페이트,메티콘,메틸메타크릴레이트크로스폴리머,알루미늄하이드록사이드,카프릴릴글라이콜,폴리글리세릴-6폴리리시놀리에이트,프로판다이올,옥틸도데칸올,스테아릭애씨드,세테아릴다이메티콘크로스폴리머,글리세릴카프릴레이트,사카라이드하이드롤리세이트,에틸헥실글리세린,마이크로크리스탈린셀룰로오스,12-헥산다이올,셀룰로오스검,소듐하이알루로네이트,판테놀,해바라기씨오일불검화물,토코페롤",,,,,
64,울트라 라이트 데일리 UV 디펜스 SPF50 PA+++,키엘,"정제수,에틸헥실메톡시신나메이트,사이클로펜타실록세인,글리세린,프로필렌글라이콜,테레프탈릴리덴디캠퍼설포닉애씨드,티타늄디옥사이드,드로메트리졸트리실록산,변성알코올,트라이에탄올아민,스테아릭애씨드,포타슘세틸포스페이트,나일론-12,피이지-100스테아레이트,글리세릴스테아레이트,세틸알코올,다이메티콘,페녹시에탄올,알루미늄하이드록사이드,메틸파라벤,소듐코코일사코시네이트,카프릴릴글라이콜,카보머,토코페롤,트로메타민,에틸파라벤,아크릴아마이드/소듐아크릴로일디메틸타우레이트코폴리머,아이소헥사데칸,잔탄검,다이소듐이디티에이,폴리솔베이트80",,,,,
65,퓨어 블록 내추럴 데일리 선크림 SPF45 PA+++,어퓨,"정제수,에틸헥실메톡시신나메이트,에칠헥실살리실레이트,부틸렌글라이콜,페닐벤즈이미다졸설포닉애씨드,카프릴릭/카프릭트라이글리세라이드,부틸메톡시디벤조일메탄,비스-에칠헥실옥시페놀메톡시페닐트리아진,메틸메타크릴레이트크로스폴리머,글리세릴스테아레이트,라임꽃추출물,세테아릴올리베이트,해수,복사나무꽃추출물,세테아릴알코올,나일론-12,솔비탄올리베이트,소듐하이드록사이드,사과나무꽃추출물,다이메티콘,폴리아크릴레이트-13,판테놀,폴리아이소부텐,피이지-100스테아레이트,토코페릴아세테이트,석류나무꽃추출물,솔비탄스테아레이트,쌀겨추출물,아세로라추출물,알로에베라잎추출물,유칼립투스잎추출물,프로방스장미꽃수,양벚나무꽃추출물,오렌지꽃추출물,수박추출물,솔비탄아이소스테아레이트,폴리솔베이트20,비에이치티,다이소듐이디티에이,12-헥산다이올,에틸헥실글리세린,카프릴릴글라이콜,향료",,,,,
66,라이트 터치 선스틱 SPF50+ PA++++,베리떼,"정제수,다이메티콘,비닐다이메티콘/메티콘실세스퀴옥세인크로스폴리머,폴리에틸렌,세틸에틸헥사노에이트,디에칠아미노하이드록시벤조일헥실벤조에이트,에틸헥실메톡시신나메이트,하이드로제네이티드폴리,에칠헥실살리실레이트,비스-에칠헥실옥시페놀메톡시페닐트리아진,C12-15알킬벤조에이트,오조케라이트,티타늄디옥사이드,알로에베라잎추출물,연꽃추출물,매실추출물,씨실트추출물,글리세린,글리세릴카프릴레이트,알루미나,알루미늄스테아레이트,폴리하이드록시스테아릭애씨드,향료",,,,,
67,드래곤 프룻 파워풀 선 에센스 SPF50+ PA++++,스킨푸드,"정제수,알코올,에칠헥실살리실레이트,호모살레이트,사이클로펜타실록세인,디부틸아디페이트,다이프로필렌글라이콜,비스-에칠헥실옥시페놀메톡시페닐트리아진,메틸렌비스-벤조트리아졸릴테트라메틸부틸페놀,폴리실리콘-15,디에칠아미노하이드록시벤조일헥실벤조에이트,부틸렌글라이콜,메틸메타크릴레이트크로스폴리머,스타이렌/아크릴레이트코폴리머,세테스-10,트로메타민,데실글루코사이드,아크릴레이트/C10-30알킬아크릴레이트크로스폴리머,프로판다이올,카보머,펜틸렌글라이콜,다이메티콘,세틸피이지,12-헥산다이올,글리세린,프로필렌글라이콜,사카라이드하이드롤리세이트,잔탄검,겨우살이잎추출물,쇠비름추출물,병풀추출물,용과추출물,울금뿌리추출물,치아씨추출물,소듐하이알루로네이트,에틸헥실글리세린,향료,페녹시에탄올",,,,,
68,메디 UV 울트라 선 SPF50+ PA+++,닥터지,"정제수,사이클로펜타실록세인,에틸헥실메톡시신나메이트,징크옥사이드,에칠헥실살리실레이트,티타늄디옥사이드,글리세린,다이카프릴릴카보네이트,다이프로필렌글라이콜,피이지-10다이메티콘,다이메티콘,나이아신아마이드,다이스테아다이모늄헥토라이트,쇠비름추출물,실리카,선인장추출물,알로에베라잎추출물,토코페릴아세테이트,병풀추출물,약모밀추출물,칡뿌리추출물,도둑놈의지팡이뿌리추출물,라케모사승마뿌리추출물,석류추출물,비타민나무열매추출물,소듐하이알루로네이트,포트마리골드꽃추출물,쿠푸아쿠씨버터,테르무스테르모필루스발효물,해바라기씨추출물,서양송악추출물,쉐어버터씨드케이크추출물,마그네슘설페이트,알루미늄하이드록사이드,비스-에칠헥실옥시페놀메톡시페닐트리아진,스테아릭애씨드,다이메티콘,메티콘,카프릴릴글라이콜,글리세릴카프릴레이트,바이오사카라이드검-1,폴리글리세릴-6폴리리시놀리에이트,아데노신,판테놀,미네랄워터,부틸렌글라이콜,마그네슘아스파테이트,사코신,소듐코코일아미노산,포타슘아스파테이트,피이지-8,피피지-1-피이지-9라우릴글라이콜에텔,산소,소듐폴리아크릴레이트,파이틱애씨드,향료,페녹시에탄올",,,,,
69,페이스 팩터 SPF30,키스마이페이스,"정제수,알로에베라잎즙,에틸헥실메톡시신나메이트,글리세린,에칠헥실살리실레이트,징크옥사이드,아크릴레이트코폴리머,폴리솔베이트20,스테아릴알코올,해바라기씨오일,다이메티콘,카프릴릭/카프릭트라이글리세라이드,잇꽃올레오좀,글리세릴스테아레이트에스이,세틸알코올,녹차추출물,세테아릴올리베이트,솔비탄올리베이트,아세틸헥사펩타이드-8,알파리포산,소듐하이알루로네이트,오이열매추출물,민감초추출물,아스코빌팔미테이트,토코페릴아세테이트,소듐클로라이드,리놀레익애씨드,페녹시에탄올,에틸헥실글리세린",,,,,
70,선 메이트 프로텍터 SPF50+ PA+++,헤라,"정제수,프로판다이올,에틸헥실메톡시신나메이트,C12-15알킬벤조에이트,페닐트라이메티콘,디에칠아미노하이드록시벤조일헥실벤조에이트,다이메티콘,티타늄디옥사이드,비스-에칠헥실옥시페놀메톡시페닐트리아진,알부틴,트리실록산,폴리글리세릴-10스테아레이트,하이드롤라이즈드오크라추출물,해바라기씨오일,디엔에이,디팔미토일하이드록시프롤린,락토바실러스/부레옥잠발효물,레시틴,쇠비름추출물,만니톨,베타-카로틴,복사나무잎추출물,아스코빅애씨드,유비퀴논,징크디엔에이,카퍼트라이펩타이드-1,칼슘판테테인설포네이트,콜레스테롤,콜레스테릴헥실디카바메이트풀루란,하이드롤라이즈드기장,카페익애씨드,토코페롤,토코페릴아세테이트,하이드로제네이티드포스파티딜콜린,베헤닐알코올,12-헥산다이올,C12-20알킬글루코사이드,C14-22알코올,글리세린,글리세릴스테아레이트,다이메티콘,메톡시피이지-114/폴리엡실론카프롤락톤,부틸렌글라이콜,스테아릭애씨드,아데노신,아크릴레이트/암모늄메타크릴레이트코폴리머,아크릴레이트/스테아릴메타크릴레이트코폴리머,알루미나,알루미늄스테아레이트,암모늄아크릴로일다이메틸타우레이트/브이피코폴리머,에틸헥실글리세린,에틸헥실팔미테이트,알코올,잔탄검,카보머,카카오추출물,카프릴릴글라이콜,펜틸렌글라이콜,폴리솔베이트20,폴리아크릴레이트-13,폴리아크릴릭애씨드,폴리아이소부텐,폴리하이드록시스테아릭애씨드,피이지-100스테아레이트,피이지-60하이드로제네이티드캐스터오일,하이드록시에틸아크릴레이트,다이소듐이디티에이,페녹시에탄올,적색산화철,황색산화철,향료",,,,,
71,아쿠아 UV 프로텍션 크림 무기자차 SPF48 PA+++,이니스프리,"정제수,프로판다이올,티타늄디옥사이드,부틸렌글라이콜,카프릴릭/카프릭트라이글리세라이드,카프릴릴메티콘,12-헥산다이올,펜틸렌글라이콜,카프릴릭/카프릭/석시닉트리글리세라이드,폴리하이드록시스테아릭애씨드,메틸메타크릴레이트크로스폴리머,암모늄아크릴로일다이메틸타우레이트/브이피코폴리머,알루미나,스테아릭애씨드,사카라이드하이드롤리세이트,하이드록시프로필메틸셀룰로오스스테아록시에텔,폴리아크릴레이트크로스폴리머-6,황색산화철,에틸헥실글리세린,다이카프릴릴카보네이트,병풀추출물,치아씨추출물,울금뿌리추출물,쇠비름추출물,약모밀추출물,적색산화철,마데카소사이드,t-부틸알코올,흑색산화철,트라이에톡시카프릴릴실레인",,,,,
72,스킨 이센셜즈 UV 쉴드 틴티드 SPF50+ PA+++,로벡틴,"정제수,사이클로펜타실록세인,징크옥사이드,사이클로헥사실록세인,부틸렌글라이콜,코코-카프릴레이트,피이지-10다이메티콘,헥실라우레이트,다이카프릴릴카보네이트,티타늄디옥사이드,다이메티콘,카프릴릴메티콘,12-헥산다이올,실리카,소듐클로라이드,비즈왁스,비닐다이메티콘/메티콘실세스퀴옥세인크로스폴리머,다이스테아다이모늄헥토라이트,사이클로메티콘,알파-비사보롤,하이드로젠다이메티콘,피이지-12다이메티콘,트라이에톡시카프릴릴실레인,다이메티콘,알루미늄하이드록사이드,스테아릭애씨드,실리카다이메틸실릴레이트,알로에베라잎추출물,병풀추출물,글리세릴카프릴레이트,쇠비름추출물,판테놀,토코페릴아세테이트,글리세린,아데노신,곤포추출물,납작파래추출물,스피룰리나추출물,미역추출물,우뭇가사리추출물,흑색산화철,황색산화철,적색산화철",,,,,
73,엔조이 슈퍼 액티브 에어리 선 스틱 SPF50+ PA++++,싸이닉,"정제수,다이메티콘,세레신,옥토크릴렌,실리카,트라이에틸헥사노인,에틸헥실메톡시신나메이트,디에칠아미노하이드록시벤조일헥실벤조에이트,오조케라이트,페닐트라이메티콘,부틸렌글라이콜다이카프릴레이트,에칠헥실살리실레이트,비닐다이메티콘/메티콘실세스퀴옥세인크로스폴리머,칸데릴라왁스,비스-에칠헥실옥시페놀메톡시페닐트리아진,메틸메타크릴레이트크로스폴리머,마이크로크리스탈린왁스,솔비탄카프릴레이트,다이프로필렌글라이콜,글리세린,솔비탄세스퀴올리에이트,카프릴릴글라이콜,하이드로제네이티드레시틴,폴리글리세릴-10올리에이트,유용성감초추출물,아데노신,부틸렌글라이콜,락토바실러스/콩발효추출물,오레가노잎추출물,실론시나몬추출물,흰버드나무껍질추출물,편백잎추출물,황금추출물,쇠비름추출물,알코올,아르니카 몬타나꽃추출물,쓴쑥추출물,서양톱풀추출물,겐티아나뿌리추출물,프로필렌글라이콜,포타슘솔베이트,트레할로오스,아르간커넬오일,코튼씨오일,우엉씨오일,라벤더오일,레몬껍질오일,필리핀오렌지껍질오일",,,,,
74,흰감국 미백 선 크림 SPF50+ PA+++,한율,"정제수,부틸렌글라이콜,C12-15알킬벤조에이트,에틸헥실메톡시신나메이트,티타늄디옥사이드,디에칠아미노하이드록시벤조일헥실벤조에이트,사이클로펜타실록세인,비스-에칠헥실옥시페놀메톡시페닐트리아진,사이클로헥사실록세인,천궁추출물,일당귀추출물,감국추출물,피이지-100스테아레이트,글리세릴스테아레이트,세틸알코올,실리카,알루미늄스테아레이트,C14-22알코올,폴리아크릴레이트-13,폴리하이드록시스테아릭애씨드,알루미나,폴리메틸메타크릴레이트,폴리아이소부텐,메톡시피이지-114/폴리엡실론카프롤락톤,스테아릭애씨드,다이메티콘,C12-20알킬글루코사이드,티몰트리메톡시신나메이트,잔탄검,카보머,폴리솔베이트20,하이드록시프로필사이클로덱스트린,다이소듐이디티에이,페녹시에탄올,향료",,,,,
75,내추럴 틴티드 썬크림 SPF30 PA++ 라이트베이지,아로마티카,"정제수,티타늄디옥사이드,옥틸도데칸올,카프릴릭/카프릭트라이글리세라이드,폴리글리세릴-3폴리리시놀리에이트,실리카,프로판다이올,호호바에스터,폴리하이드록시스테아릭애씨드,황색산화철,글리세린,라벤더추출물,다마스크장미꽃추출물,폴리글리세릴-2올리에이트,폴리글리세릴-2스테아레이트,스테아랄코늄헥토라이트,프로필렌카보네이트,아르간커넬오일,초피나무열매추출물,어스니어추출물,할미꽃추출물,솔비탄올리베이트,적색산화철,스클레로튬검,살구씨오일,토코페롤,식물성오일,흑색산화철,해바라기씨오일,오렌지껍질오일,라임전초오일,아틀라스시다우드오일,레몬오일",,,,,
76,순수 선크림 SPF30 PA++,한율,"정제수,사이클로펜타실록세인,C12-15알킬벤조에이트,징크옥사이드,티타늄디옥사이드,피이지-10다이메티콘,다이메티콘,실리카,프로판다이올,사이클로헥사실록세인,라우릴피이지-9폴리다이메틸실록시에틸다이메티콘,트리실록산,다이스테아다이모늄헥토라이트,알루미늄스테아레이트,당느릅나무뿌리추출물,라즈베리추출물,명일엽추출물,상엽추출물,일당귀추출물,천궁추출물,참마뿌리추출물,퉁퉁마디추출물,글리세릴카프릴레이트,부틸렌글라이콜,소듐클로라이드,알루미나,에틸헥실글리세린,폴리메틸메타크릴레이트,폴리하이드록시스테아릭애씨드,다이소듐이디티에이,페녹시에탄올,향료",,,,,
77,선 젤 크림 오일 컨트롤 드라이터치 SPF50+ PA+++,유세린,"정제수,호모살레이트,폴리메틸실세스퀴옥세인,부틸메톡시디벤조일메탄,에칠헥실살리실레이트,옥토크릴렌,변성알코올,타피오카전분,페닐벤즈이미다졸설포닉애씨드,사이클로메티콘,베헤닐알코올,세테아릴알코올,메틸프로판다이올,실리카다이메틸실릴레이트,글리세린,카르니틴,글리시레티닉애씨드,감초추출물,소듐스테아로일글루타메이트,아크릴레이트/C10-30알킬아크릴레이트크로스폴리머,소듐카보머,잔탄검,페녹시에탄올,에틸헥실글리세린,트라이소듐이디티에이,소듐클로라이드",,,,,
78,네추럴 퍼펙트 선크림 SPF50+ PA+++,에끌라두,"정제수,에틸헥실메톡시신나메이트,4-메칠벤질리덴캠퍼,티타늄디옥사이드,다이프로필렌글라이콜,세테아릴알코올,세틸에틸헥사노에이트,비즈왁스,글리세린,비스-에칠헥실옥시페놀메톡시페닐트리아진,폴리솔베이트60,세테아릴글루코사이드,글리세릴스테아레이트,하이알루로닉애씨드,솔비탄세스퀴올리에이트,다이메티콘,알란토인,토코페릴아세테이트,녹차추출물,쇠비름추출물,알로에베라잎즙가루,다이포타슘글리시리제이트,알루미늄하이드록사이드,스테아릭애씨드,카프릴하이드록사믹애씨드,카프릴릴글라이콜,폴리아크릴레이트-13,폴리아이소부텐,폴리솔베이트20,다이소듐이디티에이,향료",,,,,
79,산소수 마일드 선크림 SPF50+ PA+++,식물나라,"정제수,사이클로펜타실록세인,징크옥사이드,글리세린,다이카프릴릴카보네이트,다이프로필렌글라이콜,피이지-10다이메티콘,티타늄디옥사이드,카프릴릴메티콘,미네랄워터,에키움플란타기네움씨오일,쇠비름추출물,병풀추출물,약모밀추출물,풍선덩굴꽃/잎/덩굴추출물,다이스테아다이모늄헥토라이트,마그네슘설페이트,다이메티콘,메티콘,메틸메타크릴레이트크로스폴리머,칼슘알루미늄보로실리케이트,글리세릴카프릴레이트,카프릴릴글라이콜,알루미늄하이드록사이드,폴리글리세릴-6폴리리시놀리에이트,옥틸도데칸올,스테아릭애씨드,다이메티콘,에틸헥실글리세린,프로판다이올,마이크로크리스탈린셀룰로오스,12-헥산다이올,셀룰로오스검,해바라기씨오일불검화물,산소,향료",,,,,
80,썬 스크린 SPF30 PA++,에바비바,"정제수,알로에베라잎즙,캐모마일꽃오일,카프릴릭/카프릭트라이글리세라이드,해바라기씨오일,하이드로제네이티드메틸아비에테이트,라벤더오일,마그네슘설페이트,올리브오일,폴리아미노프로필바이구아나이드,폴리글리세릴-10라우레이트,피마자씨오일,호호바씨오일,솔비탄스테아레이트,토코페롤,징크옥사이드",,,,,
81,UV 페이스 프로텍터 SPF50+ PA+++,RMK,"정제수,알코올,징크옥사이드,에틸헥실메톡시신나메이트,디아이소프로필세바케이트,아이소노닐아이소노나노에이트,부틸렌글라이콜,글리세린,다이메티콘,비스-에칠헥실옥시페놀메톡시페닐트라아진,디에칠아미노하이드록시벤조일헥실벤조에이트,소듐아크릴레이트/소듐아크릴로일다이메틸타우레이트코폴리머,아이소헥사데칸,메티콘,트라이에톡시카프릴릴실레인,폴리솔베이트80,잔탄검,다이소듐이디티에이,복숭아즙,감초추출물,비에이치티,효모추출물,로얄젤리추출물,베타-카로틴,페녹시에탄올",,,,,
82,캘리포니아 에스테틱 멀티 프로텍션 썬 크림 SPF50+ PA+++,이노랩,"알로에베라잎추출물,징크옥사이드,티타늄디옥사이드,에틸헥실메톡시신나메이트,달맞이꽃오일,글리세린,해바라기씨오일,프로필렌글라이콜,솔비탄세스퀴올리에이트,쉐어버터,알부틴,귀리잎추출물,포도추출물,병풀추출물,자몽추출물,잇꽃씨오일,버지니아풍년화추출물,당근추출물,다이스테아다이모늄헥토라이트,녹차추출물,사과추출물,토코페릴아세테이트,라벤더오일,키위씨오일,곤포추출물,로우스위트블루베리추출물,아데노신",,,,,
83,4SP 세이프 톤업 선크림 SPF50+ PA++++,랩노,"정제수,디부틸아디페이트,프로판다이올,C12-15알킬벤조에이트,글리세린,티타늄디옥사이드,디에칠아미노하이드록시벤조일헥실벤조에이트,부틸옥틸살리실레이트,폴리실리콘-15,에칠헥실트리아존,12-헥산다이올,세테아릴올리베이트,세테아릴올리베이트,세테아릴알코올,솔비탄올리베이트,호호바씨오일,베르가모트오일,에키움플란타기네움씨오일,센티드제라늄꽃오일,울금뿌리추출물,쇠비름추출물,병풀추출물,약모밀추출물,치아씨추출물,풍선덩굴꽃/잎/덩굴추출물,해바라기씨오일불검화물,세이지오일,광곽향오일",,,,,
84,내츄럴 썬로션 무기적 자외선 차단제 SPF35 PA++,수피아,"정제수,부틸렌글라이콜,카프릴릭/카프릭트라이글리세라이드,티타늄디옥사이드,징크옥사이드,다이카프릴릴카보네이트,코코넛야자오일,코코-카프릴레이트,프로방스장미꽃수,베타인,글리세린,유자추출물,실리카,폴리하이드록시스테아레이트,12-헥산다이올,폴리글리세릴-2다이폴리하이드록시스테아레이트,폴리글리세릴-3다이아이소스테아레이트,스클레로튬검,카프릴릴글라이콜,스테아릭애씨드,글리세릴스테아레이트,글리세릴올리에이트,캐럽콩검,하이드록시에틸셀룰로오스,폴리글리세릴-10라우레이트,폴리글리세릴-10미리스테이트,하이드롤라이즈드콜라겐,알란토인,판테놀,하이드로제네이티드레시틴,글리세릴카프릴레이트,병풀추출물,세라마이드엔피,글리세릴라우레이트,잔탄검,들깨추출물,오레가노잎추출물,유칼립투스잎오일,호호바에스터,감나무잎추출물,녹차추출물,연꽃추출물,마트리카리아추출물,오렌지껍질오일,일랑일랑꽃오일,로즈마리잎오일,분비나무오일,커먼자스민오일",,,,,
85,민중기 무기자차 썬블럭 SPF35 PA+++,시드물,"정제수,사이클로펜타실록세인,징크옥사이드,다이프로필렌글라이콜,티타늄디옥사이드,다이카프릴릴카보네이트,피이지-10다이메티콘,사이클로메티콘,녹차수,다이스테아다이모늄헥토라이트,토코페릴아세테이트,감초추출물,병풀추출물,로우스위트블루베리추출물,쉐어버터,스쿠알란,올리브오일,하이드롤라이즈드완두콩단백질,마그네슘설페이트,메틸메타크릴레이트크로스폴리머,알루미늄하이드록사이드,알루미늄스테아레이트,솔비탄세스퀴올리에이트,메티콘,글리세릴카프릴레이트,스테아로일이눌린,카프릴릴글라이콜,다이메티콘/비닐다이메티콘크로스폴리머,알란토인,폴리글리세릴-6폴리리시놀리에이트,마이크로크리스탈린셀룰로오스,다이메티콘,셀룰로오스검,바이오사카라이드검-1,소듐피씨에이,프로판다이올,레시틴,세라마이드엔피,피토스테롤",,,,,
86,멀티 선블럭 SPF42(복숭아선크림),닥터뉴엘,"정제수,사이클로펜타실록세인,에틸헥실메톡시신나메이트,징크옥사이드,에칠헥실살리실레이트,사이클로헥사실록세인,부틸렌글라이콜,피이지-10다이메티콘,티타늄디옥사이드,메틸메타크릴레이트크로스폴리머,다이프로필렌글라이콜,에틸헥실팔미테이트,다이메티콘/비닐다이메티콘크로스폴리머,영실추출물,녹차추출물,쇠비름추출물,다이카프릴릴카보네이트,마그네슘설페이트,세틸피이지,카프릴릴메티콘,폴리메틸실세스퀴옥세인,다이스테아다이모늄헥토라이트,비닐다이메티콘/메티콘실세스퀴옥세인크로스폴리머,글리세릴카프릴레이트,C30-45알킬세테아릴다이메티콘크로스폴리머,알루미늄하이드록사이드,스테아릭애씨드,카프릴릴글라이콜,다이메티콘,트라이에톡시카프릴릴실레인,향료,황색산화철,적색산화철",,,,,
87,선프라이즈 마일드 에어리 피니쉬 SPF50+ PA+++,에뛰드하우스,"정제수,사이클로펜타실록세인,징크옥사이드,알코올,디카프릴릴에텔,다이프로필렌글라이콜,티타늄디옥사이드,알로에베라잎즙,겨우살이잎추출물,쇠비름추출물,병풀추출물,선인장추출물,가는잎그늘사초뿌리추출물,베르가모트오일,레몬껍질오일,유칼립투스잎오일,구주소나무잎오일,라임전초오일,오렌지껍질오일,아사이팜열매추출물,아세로라추출물,카카두플럼추출물,에키움플란타기네움씨오일,바오밥나무씨오일,하이알루로닉애씨드,해바라기씨오일,풍선덩굴꽃/잎/덩굴추출물,해바라기씨오일불검화물,비닐다이메티콘/메티콘실세스퀴옥세인크로스폴리머,피이지-10다이메티콘,사이클로메티콘,마그네슘설페이트,폴리메틸실세스퀴옥세인,메티콘,12-헥산다이올,알루미늄하이드록사이드,메틸메타크릴레이트크로스폴리머,카프릴릴글라이콜,옥틸도데칸올,다이메티콘,스테아릭애씨드,글리세릴카프릴레이트,폴리글리세릴-6폴리리시놀리에이트,다이메티콘/비닐다이메티콘크로스폴리머,마이크로크리스탈린셀룰로오스,부틸렌글라이콜,트라이에톡시카프릴릴실레인,셀룰로오스검",,,,,
88,산소수 피팅 선크림 SPF50+ PA++++,식물나라,"정제수,사이클로펜타실록세인,에틸헥실메톡시신나메이트,징크옥사이드,에칠헥실살리실레이트,티타늄디옥사이드,다이프로필렌글라이콜,피이지-10다이메티콘,글리세린,나이아신아마이드,다이카프릴릴카보네이트,다이메티콘,다이스테아다이모늄헥토라이트,겨우살이잎추출물,쇠비름추출물,병풀추출물,알로에베라잎추출물,토코페릴아세테이트,선인장줄기추출물,로즈오브예리코추출물,마그네슘설페이트,알루미늄하이드록사이드,비스-에칠헥실옥시페놀메톡시페닐트리아진,마이카,스테아릭애씨드,메틸메타크릴레이트크로스폴리머,메티콘,카프릴릴글라이콜,다이메티콘/비닐다이메티콘크로스폴리머,에틸헥실글리세린,글리세릴카프릴레이트,폴리글리세릴-6폴리리시놀리에이트,마이크로크리스탈린셀룰로오스,아데노신,트라이에톡시카프릴릴실레인,부틸렌글라이콜,셀룰로오스검,소듐하이알루로네이트,12-헥산다이올,실리카,산소,향료,황색산화철,적색산화철",,,,,
89,슈퍼푸드 오트 마일드 모이스처 선크림 SPF50+ PA+++,이니스프리,"정제수,사이클로메티콘,징크옥사이드,티타늄디옥사이드,프로판다이올,다이카프릴릴카보네이트,세틸다이글리세릴트리스(트라이메틸실록시)실릴에틸다이메티콘,세틸에틸헥사노에이트,알루미늄하이드록사이드,12-헥산다이올,다이스테아다이모늄헥토라이트,귀리커넬추출물,치아씨추출물,병풀추출물,약모밀추출물,오렌지껍질오일,센티드제라늄꽃오일,에키움플란타기네움씨오일,해바라기씨오일,풍선덩굴꽃/잎/덩굴추출물,토코페롤,하이드로젠다이메티콘,마그네슘설페이트,스테아릭애씨드,부틸렌글라이콜,다이메티콘크로스폴리머,페닐트라이메티콘,프룩토올리고사카라이드,사카라이드하이드롤리세이트,폴리글리세릴-2다이폴리하이드록시스테아레이트,풀루란,에틸헥실글리세린,옥틸도데칸올,솔비탄세스퀴올리에이트,폴리글리세릴-3폴리다이메틸실록시에틸다이메티콘",,,,,
90,선블럭 아쿠아+ SPF35 PA++,라네즈,"정제수,부틸렌글라이콜,에틸헥실메톡시신나메이트,C12-15알킬벤조에이트,티타늄디옥사이드,비스-에칠헥실옥시페놀메톡시페닐트리아진,마시멜로뿌리추출물,캐모마일꽃추출물,라벤더추출물,레몬버베나잎추출물,병풀추출물,알로에베라잎추출물,망가니즈설페이트,징크설페이트,마그네슘설페이트,페닐트라이메티콘,사이클로펜타실록세인,실리카,폴리아크릴레이트-13,알루미늄스테아레이트,알루미나,폴리아이소부텐,폴리하이드록시스테아릭애씨드,스테아릭애씨드,카보머,폴리솔베이트20,에틸헥실글리세린,다이소듐이디티에이,페녹시에탄올,향료",,,,,
91,포어 애플 선블럭 SPF50+ PA+++,입큰,"정제수,사이클로펜타실록세인,에틸헥실메톡시신나메이트,글리세린,에칠헥실살리실레이트,징크옥사이드,피이지-10다이메티콘,사이클로메티콘,티타늄디옥사이드,다이프로필렌글라이콜,다이스테아다이모늄헥토라이트,사과추출물,데이지꽃추출물,서양송악추출물,타임오일,선인장추출물,시트릭애씨드,페퍼민트잎추출물,빌베리열매추출물,사탕수수추출물,로즈마리잎추출물,생강추출물,살비아잎추출물,아보카도열매추출물,캐모마일꽃추출물,포도씨추출물,레몬추출물,오렌지추출물,설탕단풍추출물,마그네슘설페이트,탤크,디페닐다이메티콘,알루미늄하이드록사이드,알루미늄스테아레이트,다이메티콘/비닐다이메티콘크로스폴리머,메티콘,향료,페녹시에탄올,메틸파라벤,프로필파라벤,부틸파라벤,크로뮴옥사이드그린",,,,,
92,마데카소사이드 선크림 SPF39 PA++,어퓨,"정제수,사이클로펜타실록세인,병풀잎수,디부틸아디페이트,티타늄디옥사이드,다이프로필렌글라이콜,사이클로헥사실록세인,페닐트라이메티콘,징크옥사이드,하이드로제네이티드폴리,나이아신아마이드,알루미늄하이드록사이드,소듐클로라이드,스테아릭애씨드,다이메티콘,피이지-10다이메티콘,다이스테아다이모늄헥토라이트,비즈왁스,세틸피이지,다이메티콘/비닐다이메티콘크로스폴리머,글리세릴카프릴레이트,달맞이꽃추출물,트라이에톡시카프릴릴실레인,마데카소사이드,다이소듐이디티에이,아데노신,왕귤껍질오일,레몬껍질오일,글리세린,아시아티코사이드,라반딘오일,센티드제라늄꽃오일,소듐하이알루로네이트,12-헥산다이올,필리핀오렌지껍질오일,멕시칸주니퍼오일,클로페네신",,,,,
93,토탈 액티브 선 프로텍션 SPF50+ PA+++,슈얼리,"정제수,에틸헥실메톡시신나메이트,벤조페논-4,비스-에칠헥실옥시페놀메톡시페닐트리아진,사이클로메티콘,트라이에탄올아민,부틸렌글라이콜,하이드로제네이티드폴리데센,비즈왁스,트라이에틸헥사노인,티타늄디옥사이드,글리세릴스테아레이트에스이,세테아릴알코올,세테아릴올리베이트,솔비탄올리베이트,글리세릴스테아레이트,피이지-100스테아레이트,카보머,카프릴릴글라이콜,스테아릭애씨드,폴리글리세릴-6폴리리시놀리에이트,병풀추출물,알란토인,알루미늄하이드록사이드,토코페릴아세테이트,파파야열매추출물,다이소듐이디티에이,글리세린,카프릴하이드록사믹애씨드,소르비톨,오이열매추출물,소듐하이드록사이드,시트릭애씨드,피이지-40하이드로제네이티드캐스터오일",,,,,
94,마린 더블 프로텍션 데일리 SPF35 PA++,리리코스,"정제수,부틸렌글라이콜,에틸헥실메톡시신나메이트,C12-15알킬벤조에이트,사이클로펜타실록세인,비스-에칠헥실옥시페놀메톡시페닐트리아진,티타늄디옥사이드,이소아밀p-메톡시신나메이트,사이클로헥사실록세인,세테아릴알코올,실리카,플랑크톤추출물,갈조추출물,연꽃추출물,매실추출물,해수,알지닌피씨에이,C14-22알코올,글리세릴스테아레이트,피이지-100스테아레이트,12-헥산다이올,폴리아크릴레이트-13,암모늄아크릴로일다이메틸타우레이트/브이피코폴리머,알루미늄스테아레이트,폴리하이드록시스테아릭애씨드,C12-20알킬글루코사이드,폴리아이소부텐,알루미나,에틸헥실글리세린,카보머,프로판다이올,폴리솔베이트20,카프릴릴글라이콜,펜틸렌글라이콜,카프릴릭/카프릭트라이글리세라이드,다이소듐이디티에이,적색산화철,향료",,,,,
95,하이드라라이트 선스크린 SPF30,폴라초이스,"정제수,에틸헥실팔미테이트,징크옥사이드,사이클로메티콘,티타늄디옥사이드,다이메티콘,폴리솔베이트80,카프릴릴메티콘,글리세릴스테아레이트,피이지-100스테아레이트,C12-15알킬벤조에이트,소듐아크릴레이트/소듐아크릴로일다이메틸타우레이트코폴리머,아이소헥사데칸,세틸알코올,프로필렌글라이콜,폴리글리세릴-6아이소스테아레이트,녹차추출물,감초추출물,캐모마일꽃추출물,갈조추출물,알로에베라잎즙,알란토인,글리세린,판테놀,부틸렌글라이콜,카프릴릴글라이콜,알루미나,라우릴피이지-9폴리다이메틸실록시에틸다이메티콘,폴리하이드록시스테아릭애씨드,트라이에톡시실릴에틸폴리다이메틸실록시에틸헥실다이메티콘,디에칠헥실카보네이트,트라이에톡시카프릴릴실레인,다이소듐이디티에이,클로페네신,페녹시에탄올",,,,,
96,카렌듈라 에브리데이 선크림 SPF50+ PA+++,마몽드,"정제수,C12-15알킬벤조에이트,프로판다이올,에틸헥실메톡시신나메이트,티타늄디옥사이드,디에칠아미노하이드록시벤조일헥실벤조에이트,비스-에칠헥실옥시페놀메톡시페닐트리아진,사이클로펜타실록세인,사이클로헥사실록세인,포트마리골드꽃추출물,아데노신,스테아릭애씨드,실리카,알루미나,알루미늄스테아레이트,에틸헥실글리세린,글리세릴카프릴레이트,카보머,폴리솔베이트20,폴리아크릴레이트-13,폴리아이소부텐,폴리하이드록시스테아릭애씨드,다이소듐이디티에이,향료",,,,,
97,데일리케어 썬크림 SPF50+ PA+++,미구하라,"정제수,에틸헥실메톡시신나메이트,세테아릴알코올,아이소도데케인,부틸렌글라이콜,벤조페논-4,비스-에칠헥실옥시페놀메톡시페닐트리아진,프로필렌글라이콜,사이클로펜타실록세인,해바라기씨오일,트라이에탄올아민,아크릴레이트코폴리머,티타늄디옥사이드,나일론-12,마이크로크리스탈린왁스,비즈왁스,사이클로메티콘,다이메티콘/비닐다이메티콘크로스폴리머,세테아릴글루코사이드,스테아릭애씨드,팔미틱애씨드,다이메티콘,쉐어버터,소듐폴리아크릴레이트,토코페릴아세테이트,피이지/피피지-19/19다이메티콘,헥실라우레이트,다이메티콘코폴리올,메틸파라벤,카보머,에틸헥실스테아레이트,알루미나,프로필파라벤,소듐라우레스설페이트,다이소듐이디티에이,트라이데세스-6,비피다발효용해물,글리세린,쇠비름추출물,토코페롤,하이드롤라이즈드콜라겐,향료",,,,,
98,선 케어 크림 데일리 & 패밀리 SPF50+ PA+++,케어존,"정제수,사이클로펜타실록세인,징크옥사이드,부틸렌글라이콜,피이지-10다이메티콘,헥실데실에칠헥사노에이트,티타늄디옥사이드,페닐벤즈이미다졸설포닉애씨드,세틸에틸헥사노에이트,글리세린,다이프로필렌글라이콜,트로메타민,헥실라우레이트,판테놀,다이스테아다이모늄헥토라이트,12-헥산다이올,다이메티콘/비닐다이메티콘크로스폴리머,하이드로젠다이메티콘,메티콘,타히티바닐라추출물,징크스테아레이트,아이소스테아릭애씨드,알라닐글루타민,솔비탄세스퀴아이소스테아레이트,매도우스위트추출물,알루미나,브이피/에이코센코폴리머,아크릴레이트/다이메티콘코폴리머,토코페릴아세테이트,다이포타슘글리시리제이트,다이스테아릴다이모늄클로라이드,탱자추출물,해수,톨오일스테롤,토코페롤,카퍼트라이펩타이드-1,소듐아스코베이트,만니톨,리놀레익애씨드,레시틴,디팔미토일하이드록시프롤린,라벤더꽃추출물,바실꽃/잎추출물,회향추출물,캐모마일꽃추출물,약모밀추출물,사과수,마시멜로뿌리추출물,로즈마리잎추출물,카보머,폴리솔베이트20,팔미토일올리고펩타이드,팔미토일테트라펩타이드-7,향료",,,,,
99,팡팡 빅 선쿠션 SPF50+ PA+++,엘로엘,"알로에베라잎즙,에틸헥실메톡시신나메이트,징크옥사이드,사이클로펜타실록세인,사이클로헥사실록세인,프로판다이올,에칠헥실살리실레이트,이소아밀p-메톡시신나메이트,실리카,세틸피이지,나이아신아마이드,변성알코올,아이소아밀라우레이트,12-헥산다이올,비스-에칠헥실옥시페놀메톡시페닐트리아진,티타늄디옥사이드,메틸메타크릴레이트크로스폴리머,소듐클로라이드,솔비탄세스퀴올리에이트,부틸메톡시디벤조일메탄,라우릴피이지-9폴리다이메틸실록시에틸다이메티콘,솔비탄올리베이트,비즈왁스,트라이에톡시카프릴릴실레인,카프릴릴글라이콜,다이스테아다이모늄헥토라이트,향료,토코페릴아세테이트,스쿠알란,알루미나,아데노신,프로필렌카보네이트,다이소듐이디티에이,황색산화철,스타아니스추출물,아밀로덱스트린,말토덱스트린,칼슘판토테네이트,부틸렌글라이콜,소듐아스코빌포스페이트,피리독신에이치씨엘,감국꽃추출물,녹차추출물,레몬밤잎추출물,로즈마리잎추출물,루이보스잎추출물,선백리향꽃,쟈스민꽃수,토코페롤,소듐팔미토일프롤린,알바수련꽃추출물",,,,,
